Name,class,fold,syllable,speaker,initial_consonant,final_vowel,tone,pinyin
a1_FV1_MP3.mp3,0,1,a1,FV1,Ø,a,1,ā
a1_FV2_MP3.mp3,0,1,a1,FV2,Ø,a,1,ā
a1_FV3_MP3.mp3,0,1,a1,FV3,Ø,a,1,ā
a1_MV1_MP3.mp3,0,1,a1,MV1,Ø,a,1,ā
a1_MV2_MP3.mp3,0,1,a1,MV2,Ø,a,1,ā
a1_MV3_MP3.mp3,0,1,a1,MV3,Ø,a,1,ā
a2_FV1_MP3.mp3,0,1,a2,FV1,Ø,a,2,á
a2_FV2_MP3.mp3,0,1,a2,FV2,Ø,a,2,á
a2_FV3_MP3.mp3,0,1,a2,FV3,Ø,a,2,á
a2_MV1_MP3.mp3,0,1,a2,MV1,Ø,a,2,á
a2_MV2_MP3.mp3,0,1,a2,MV2,Ø,a,2,á
a2_MV3_MP3.mp3,0,1,a2,MV3,Ø,a,2,á
a3_FV1_MP3.mp3,0,1,a3,FV1,Ø,a,3,ǎ
a3_FV2_MP3.mp3,0,1,a3,FV2,Ø,a,3,ǎ
a3_FV3_MP3.mp3,0,1,a3,FV3,Ø,a,3,ǎ
a3_MV1_MP3.mp3,0,1,a3,MV1,Ø,a,3,ǎ
a3_MV2_MP3.mp3,0,1,a3,MV2,Ø,a,3,ǎ
a3_MV3_MP3.mp3,0,1,a3,MV3,Ø,a,3,ǎ
a4_FV1_MP3.mp3,0,1,a4,FV1,Ø,a,4,à
a4_FV2_MP3.mp3,0,1,a4,FV2,Ø,a,4,à
a4_FV3_MP3.mp3,0,1,a4,FV3,Ø,a,4,à
a4_MV1_MP3.mp3,0,1,a4,MV1,Ø,a,4,à
a4_MV2_MP3.mp3,0,1,a4,MV2,Ø,a,4,à
a4_MV3_MP3.mp3,0,1,a4,MV3,Ø,a,4,à
ai1_FV1_MP3.mp3,0,1,ai1,FV1,Ø,ai,1,āi
ai1_FV2_MP3.mp3,0,1,ai1,FV2,Ø,ai,1,āi
ai1_FV3_MP3.mp3,0,1,ai1,FV3,Ø,ai,1,āi
ai1_MV1_MP3.mp3,0,1,ai1,MV1,Ø,ai,1,āi
ai1_MV2_MP3.mp3,0,1,ai1,MV2,Ø,ai,1,āi
ai1_MV3_MP3.mp3,0,1,ai1,MV3,Ø,ai,1,āi
ai2_FV1_MP3.mp3,0,1,ai2,FV1,Ø,ai,2,ái
ai2_FV2_MP3.mp3,0,1,ai2,FV2,Ø,ai,2,ái
ai2_FV3_MP3.mp3,0,1,ai2,FV3,Ø,ai,2,ái
ai2_MV1_MP3.mp3,0,1,ai2,MV1,Ø,ai,2,ái
ai2_MV2_MP3.mp3,0,1,ai2,MV2,Ø,ai,2,ái
ai2_MV3_MP3.mp3,0,1,ai2,MV3,Ø,ai,2,ái
ai3_FV1_MP3.mp3,0,1,ai3,FV1,Ø,ai,3,ǎi
ai3_FV2_MP3.mp3,0,1,ai3,FV2,Ø,ai,3,ǎi
ai3_FV3_MP3.mp3,0,1,ai3,FV3,Ø,ai,3,ǎi
ai3_MV1_MP3.mp3,0,1,ai3,MV1,Ø,ai,3,ǎi
ai3_MV2_MP3.mp3,0,1,ai3,MV2,Ø,ai,3,ǎi
ai3_MV3_MP3.mp3,0,1,ai3,MV3,Ø,ai,3,ǎi
ai4_FV1_MP3.mp3,0,1,ai4,FV1,Ø,ai,4,ài
ai4_FV2_MP3.mp3,0,1,ai4,FV2,Ø,ai,4,ài
ai4_FV3_MP3.mp3,0,1,ai4,FV3,Ø,ai,4,ài
ai4_MV1_MP3.mp3,0,1,ai4,MV1,Ø,ai,4,ài
ai4_MV2_MP3.mp3,0,1,ai4,MV2,Ø,ai,4,ài
ai4_MV3_MP3.mp3,0,1,ai4,MV3,Ø,ai,4,ài
an1_FV1_MP3.mp3,0,1,an1,FV1,Ø,an,1,ān
an1_FV2_MP3.mp3,0,1,an1,FV2,Ø,an,1,ān
an1_FV3_MP3.mp3,0,1,an1,FV3,Ø,an,1,ān
an1_MV1_MP3.mp3,0,1,an1,MV1,Ø,an,1,ān
an1_MV2_MP3.mp3,0,1,an1,MV2,Ø,an,1,ān
an1_MV3_MP3.mp3,0,1,an1,MV3,Ø,an,1,ān
an2_FV1_MP3.mp3,0,1,an2,FV1,Ø,an,2,án
an2_FV2_MP3.mp3,0,1,an2,FV2,Ø,an,2,án
an2_FV3_MP3.mp3,0,1,an2,FV3,Ø,an,2,án
an2_MV1_MP3.mp3,0,1,an2,MV1,Ø,an,2,án
an2_MV2_MP3.mp3,0,1,an2,MV2,Ø,an,2,án
an2_MV3_MP3.mp3,0,1,an2,MV3,Ø,an,2,án
an3_FV1_MP3.mp3,0,1,an3,FV1,Ø,an,3,ǎn
an3_FV2_MP3.mp3,0,1,an3,FV2,Ø,an,3,ǎn
an3_FV3_MP3.mp3,0,1,an3,FV3,Ø,an,3,ǎn
an3_MV1_MP3.mp3,0,1,an3,MV1,Ø,an,3,ǎn
an3_MV2_MP3.mp3,0,1,an3,MV2,Ø,an,3,ǎn
an3_MV3_MP3.mp3,0,1,an3,MV3,Ø,an,3,ǎn
an4_FV1_MP3.mp3,0,1,an4,FV1,Ø,an,4,àn
an4_FV2_MP3.mp3,0,1,an4,FV2,Ø,an,4,àn
an4_FV3_MP3.mp3,0,1,an4,FV3,Ø,an,4,àn
an4_MV1_MP3.mp3,0,1,an4,MV1,Ø,an,4,àn
an4_MV2_MP3.mp3,0,1,an4,MV2,Ø,an,4,àn
an4_MV3_MP3.mp3,0,1,an4,MV3,Ø,an,4,àn
ang1_FV1_MP3.mp3,0,1,ang1,FV1,Ø,ang,1,āng
ang1_FV2_MP3.mp3,0,1,ang1,FV2,Ø,ang,1,āng
ang1_FV3_MP3.mp3,0,1,ang1,FV3,Ø,ang,1,āng
ang1_MV1_MP3.mp3,0,1,ang1,MV1,Ø,ang,1,āng
ang1_MV2_MP3.mp3,0,1,ang1,MV2,Ø,ang,1,āng
ang1_MV3_MP3.mp3,0,1,ang1,MV3,Ø,ang,1,āng
ang2_FV1_MP3.mp3,0,1,ang2,FV1,Ø,ang,2,áng
ang2_FV2_MP3.mp3,0,1,ang2,FV2,Ø,ang,2,áng
ang2_FV3_MP3.mp3,0,1,ang2,FV3,Ø,ang,2,áng
ang2_MV1_MP3.mp3,0,1,ang2,MV1,Ø,ang,2,áng
ang2_MV2_MP3.mp3,0,1,ang2,MV2,Ø,ang,2,áng
ang2_MV3_MP3.mp3,0,1,ang2,MV3,Ø,ang,2,áng
ang3_FV1_MP3.mp3,0,1,ang3,FV1,Ø,ang,3,ǎng
ang3_FV2_MP3.mp3,0,1,ang3,FV2,Ø,ang,3,ǎng
ang3_FV3_MP3.mp3,0,1,ang3,FV3,Ø,ang,3,ǎng
ang3_MV1_MP3.mp3,0,1,ang3,MV1,Ø,ang,3,ǎng
ang3_MV2_MP3.mp3,0,1,ang3,MV2,Ø,ang,3,ǎng
ang3_MV3_MP3.mp3,0,1,ang3,MV3,Ø,ang,3,ǎng
ang4_FV1_MP3.mp3,0,1,ang4,FV1,Ø,ang,4,àng
ang4_FV2_MP3.mp3,0,1,ang4,FV2,Ø,ang,4,àng
ang4_FV3_MP3.mp3,0,1,ang4,FV3,Ø,ang,4,àng
ang4_MV1_MP3.mp3,0,1,ang4,MV1,Ø,ang,4,àng
ang4_MV2_MP3.mp3,0,1,ang4,MV2,Ø,ang,4,àng
ang4_MV3_MP3.mp3,0,1,ang4,MV3,Ø,ang,4,àng
ao1_FV1_MP3.mp3,0,1,ao1,FV1,Ø,ao,1,āo
ao1_FV2_MP3.mp3,0,1,ao1,FV2,Ø,ao,1,āo
ao1_FV3_MP3.mp3,0,1,ao1,FV3,Ø,ao,1,āo
ao1_MV1_MP3.mp3,0,1,ao1,MV1,Ø,ao,1,āo
ao1_MV2_MP3.mp3,0,1,ao1,MV2,Ø,ao,1,āo
ao1_MV3_MP3.mp3,0,1,ao1,MV3,Ø,ao,1,āo
ao2_FV1_MP3.mp3,0,1,ao2,FV1,Ø,ao,2,áo
ao2_FV2_MP3.mp3,0,1,ao2,FV2,Ø,ao,2,áo
ao2_FV3_MP3.mp3,0,1,ao2,FV3,Ø,ao,2,áo
ao2_MV1_MP3.mp3,0,1,ao2,MV1,Ø,ao,2,áo
ao2_MV2_MP3.mp3,0,1,ao2,MV2,Ø,ao,2,áo
ao2_MV3_MP3.mp3,0,1,ao2,MV3,Ø,ao,2,áo
ao3_FV1_MP3.mp3,0,1,ao3,FV1,Ø,ao,3,ǎo
ao3_FV2_MP3.mp3,0,1,ao3,FV2,Ø,ao,3,ǎo
ao3_FV3_MP3.mp3,0,1,ao3,FV3,Ø,ao,3,ǎo
ao3_MV1_MP3.mp3,0,1,ao3,MV1,Ø,ao,3,ǎo
ao3_MV2_MP3.mp3,0,1,ao3,MV2,Ø,ao,3,ǎo
ao3_MV3_MP3.mp3,0,1,ao3,MV3,Ø,ao,3,ǎo
ao4_FV1_MP3.mp3,0,1,ao4,FV1,Ø,ao,4,ào
ao4_FV2_MP3.mp3,0,1,ao4,FV2,Ø,ao,4,ào
ao4_FV3_MP3.mp3,0,1,ao4,FV3,Ø,ao,4,ào
ao4_MV1_MP3.mp3,0,1,ao4,MV1,Ø,ao,4,ào
ao4_MV2_MP3.mp3,0,1,ao4,MV2,Ø,ao,4,ào
ao4_MV3_MP3.mp3,0,1,ao4,MV3,Ø,ao,4,ào
ba1_FV1_MP3.mp3,0,1,ba1,FV1,b,a,1,bā
ba1_FV2_MP3.mp3,0,1,ba1,FV2,b,a,1,bā
ba1_FV3_MP3.mp3,0,1,ba1,FV3,b,a,1,bā
ba1_MV1_MP3.mp3,0,1,ba1,MV1,b,a,1,bā
ba1_MV2_MP3.mp3,0,1,ba1,MV2,b,a,1,bā
ba1_MV3_MP3.mp3,0,1,ba1,MV3,b,a,1,bā
ba2_FV1_MP3.mp3,0,1,ba2,FV1,b,a,2,bá
ba2_FV2_MP3.mp3,0,1,ba2,FV2,b,a,2,bá
ba2_FV3_MP3.mp3,0,1,ba2,FV3,b,a,2,bá
ba2_MV1_MP3.mp3,0,1,ba2,MV1,b,a,2,bá
ba2_MV2_MP3.mp3,0,1,ba2,MV2,b,a,2,bá
ba2_MV3_MP3.mp3,0,1,ba2,MV3,b,a,2,bá
ba3_FV1_MP3.mp3,0,1,ba3,FV1,b,a,3,bǎ
ba3_FV2_MP3.mp3,0,1,ba3,FV2,b,a,3,bǎ
ba3_FV3_MP3.mp3,0,1,ba3,FV3,b,a,3,bǎ
ba3_MV1_MP3.mp3,0,1,ba3,MV1,b,a,3,bǎ
ba3_MV2_MP3.mp3,0,1,ba3,MV2,b,a,3,bǎ
ba3_MV3_MP3.mp3,0,1,ba3,MV3,b,a,3,bǎ
ba4_FV1_MP3.mp3,0,1,ba4,FV1,b,a,4,bà
ba4_FV2_MP3.mp3,0,1,ba4,FV2,b,a,4,bà
ba4_FV3_MP3.mp3,0,1,ba4,FV3,b,a,4,bà
ba4_MV1_MP3.mp3,0,1,ba4,MV1,b,a,4,bà
ba4_MV2_MP3.mp3,0,1,ba4,MV2,b,a,4,bà
ba4_MV3_MP3.mp3,0,1,ba4,MV3,b,a,4,bà
bai1_FV1_MP3.mp3,0,1,bai1,FV1,b,ai,1,bāi
bai1_FV2_MP3.mp3,0,1,bai1,FV2,b,ai,1,bāi
bai1_FV3_MP3.mp3,0,1,bai1,FV3,b,ai,1,bāi
bai1_MV1_MP3.mp3,0,1,bai1,MV1,b,ai,1,bāi
bai1_MV2_MP3.mp3,0,1,bai1,MV2,b,ai,1,bāi
bai1_MV3_MP3.mp3,0,1,bai1,MV3,b,ai,1,bāi
bai2_FV1_MP3.mp3,0,1,bai2,FV1,b,ai,2,bái
bai2_FV2_MP3.mp3,0,1,bai2,FV2,b,ai,2,bái
bai2_FV3_MP3.mp3,0,1,bai2,FV3,b,ai,2,bái
bai2_MV1_MP3.mp3,0,1,bai2,MV1,b,ai,2,bái
bai2_MV2_MP3.mp3,0,1,bai2,MV2,b,ai,2,bái
bai2_MV3_MP3.mp3,0,1,bai2,MV3,b,ai,2,bái
bai3_FV1_MP3.mp3,0,1,bai3,FV1,b,ai,3,bǎi
bai3_FV2_MP3.mp3,0,1,bai3,FV2,b,ai,3,bǎi
bai3_FV3_MP3.mp3,0,1,bai3,FV3,b,ai,3,bǎi
bai3_MV1_MP3.mp3,0,1,bai3,MV1,b,ai,3,bǎi
bai3_MV2_MP3.mp3,0,1,bai3,MV2,b,ai,3,bǎi
bai3_MV3_MP3.mp3,0,1,bai3,MV3,b,ai,3,bǎi
bai4_FV1_MP3.mp3,0,1,bai4,FV1,b,ai,4,bài
bai4_FV2_MP3.mp3,0,1,bai4,FV2,b,ai,4,bài
bai4_FV3_MP3.mp3,0,1,bai4,FV3,b,ai,4,bài
bai4_MV1_MP3.mp3,0,1,bai4,MV1,b,ai,4,bài
bai4_MV2_MP3.mp3,0,1,bai4,MV2,b,ai,4,bài
bai4_MV3_MP3.mp3,0,1,bai4,MV3,b,ai,4,bài
ban1_FV1_MP3.mp3,0,1,ban1,FV1,b,an,1,bān
ban1_FV2_MP3.mp3,0,1,ban1,FV2,b,an,1,bān
ban1_FV3_MP3.mp3,0,1,ban1,FV3,b,an,1,bān
ban1_MV1_MP3.mp3,0,1,ban1,MV1,b,an,1,bān
ban1_MV2_MP3.mp3,0,1,ban1,MV2,b,an,1,bān
ban1_MV3_MP3.mp3,0,1,ban1,MV3,b,an,1,bān
ban2_FV1_MP3.mp3,0,1,ban2,FV1,b,an,2,bán
ban2_FV2_MP3.mp3,0,1,ban2,FV2,b,an,2,bán
ban2_FV3_MP3.mp3,0,1,ban2,FV3,b,an,2,bán
ban2_MV1_MP3.mp3,0,1,ban2,MV1,b,an,2,bán
ban2_MV2_MP3.mp3,0,1,ban2,MV2,b,an,2,bán
ban2_MV3_MP3.mp3,0,1,ban2,MV3,b,an,2,bán
ban3_FV1_MP3.mp3,0,1,ban3,FV1,b,an,3,bǎn
ban3_FV2_MP3.mp3,0,1,ban3,FV2,b,an,3,bǎn
ban3_FV3_MP3.mp3,0,1,ban3,FV3,b,an,3,bǎn
ban3_MV1_MP3.mp3,0,1,ban3,MV1,b,an,3,bǎn
ban3_MV2_MP3.mp3,0,1,ban3,MV2,b,an,3,bǎn
ban3_MV3_MP3.mp3,0,1,ban3,MV3,b,an,3,bǎn
ban4_FV1_MP3.mp3,0,1,ban4,FV1,b,an,4,bàn
ban4_FV2_MP3.mp3,0,1,ban4,FV2,b,an,4,bàn
ban4_FV3_MP3.mp3,0,1,ban4,FV3,b,an,4,bàn
ban4_MV1_MP3.mp3,0,1,ban4,MV1,b,an,4,bàn
ban4_MV2_MP3.mp3,0,1,ban4,MV2,b,an,4,bàn
ban4_MV3_MP3.mp3,0,1,ban4,MV3,b,an,4,bàn
bang1_FV1_MP3.mp3,0,1,bang1,FV1,b,ang,1,bāng
bang1_FV2_MP3.mp3,0,1,bang1,FV2,b,ang,1,bāng
bang1_FV3_MP3.mp3,0,1,bang1,FV3,b,ang,1,bāng
bang1_MV1_MP3.mp3,0,1,bang1,MV1,b,ang,1,bāng
bang1_MV2_MP3.mp3,0,1,bang1,MV2,b,ang,1,bāng
bang1_MV3_MP3.mp3,0,1,bang1,MV3,b,ang,1,bāng
bang2_FV1_MP3.mp3,0,1,bang2,FV1,b,ang,2,báng
bang2_FV2_MP3.mp3,0,1,bang2,FV2,b,ang,2,báng
bang2_FV3_MP3.mp3,0,1,bang2,FV3,b,ang,2,báng
bang2_MV1_MP3.mp3,0,1,bang2,MV1,b,ang,2,báng
bang2_MV2_MP3.mp3,0,1,bang2,MV2,b,ang,2,báng
bang2_MV3_MP3.mp3,0,1,bang2,MV3,b,ang,2,báng
bang3_FV1_MP3.mp3,0,1,bang3,FV1,b,ang,3,bǎng
bang3_FV2_MP3.mp3,0,1,bang3,FV2,b,ang,3,bǎng
bang3_FV3_MP3.mp3,0,1,bang3,FV3,b,ang,3,bǎng
bang3_MV1_MP3.mp3,0,1,bang3,MV1,b,ang,3,bǎng
bang3_MV2_MP3.mp3,0,1,bang3,MV2,b,ang,3,bǎng
bang3_MV3_MP3.mp3,0,1,bang3,MV3,b,ang,3,bǎng
bang4_FV1_MP3.mp3,0,1,bang4,FV1,b,ang,4,bàng
bang4_FV2_MP3.mp3,0,1,bang4,FV2,b,ang,4,bàng
bang4_FV3_MP3.mp3,0,1,bang4,FV3,b,ang,4,bàng
bang4_MV1_MP3.mp3,0,1,bang4,MV1,b,ang,4,bàng
bang4_MV2_MP3.mp3,0,1,bang4,MV2,b,ang,4,bàng
bang4_MV3_MP3.mp3,0,1,bang4,MV3,b,ang,4,bàng
bao1_FV1_MP3.mp3,0,1,bao1,FV1,b,ao,1,bāo
bao1_FV2_MP3.mp3,0,1,bao1,FV2,b,ao,1,bāo
bao1_FV3_MP3.mp3,0,1,bao1,FV3,b,ao,1,bāo
bao1_MV1_MP3.mp3,0,1,bao1,MV1,b,ao,1,bāo
bao1_MV2_MP3.mp3,0,1,bao1,MV2,b,ao,1,bāo
bao1_MV3_MP3.mp3,0,1,bao1,MV3,b,ao,1,bāo
bao2_FV1_MP3.mp3,0,1,bao2,FV1,b,ao,2,báo
bao2_FV2_MP3.mp3,0,1,bao2,FV2,b,ao,2,báo
bao2_FV3_MP3.mp3,0,1,bao2,FV3,b,ao,2,báo
bao2_MV1_MP3.mp3,0,1,bao2,MV1,b,ao,2,báo
bao2_MV2_MP3.mp3,0,1,bao2,MV2,b,ao,2,báo
bao2_MV3_MP3.mp3,0,1,bao2,MV3,b,ao,2,báo
bao3_FV1_MP3.mp3,0,1,bao3,FV1,b,ao,3,bǎo
bao3_FV2_MP3.mp3,0,1,bao3,FV2,b,ao,3,bǎo
bao3_FV3_MP3.mp3,0,1,bao3,FV3,b,ao,3,bǎo
bao3_MV1_MP3.mp3,0,1,bao3,MV1,b,ao,3,bǎo
bao3_MV2_MP3.mp3,0,1,bao3,MV2,b,ao,3,bǎo
bao3_MV3_MP3.mp3,0,1,bao3,MV3,b,ao,3,bǎo
bao4_FV1_MP3.mp3,0,1,bao4,FV1,b,ao,4,bào
bao4_FV2_MP3.mp3,0,1,bao4,FV2,b,ao,4,bào
bao4_FV3_MP3.mp3,0,1,bao4,FV3,b,ao,4,bào
bao4_MV1_MP3.mp3,0,1,bao4,MV1,b,ao,4,bào
bao4_MV2_MP3.mp3,0,1,bao4,MV2,b,ao,4,bào
bao4_MV3_MP3.mp3,0,1,bao4,MV3,b,ao,4,bào
bei1_FV1_MP3.mp3,0,1,bei1,FV1,b,ei,1,bēi
bei1_FV2_MP3.mp3,0,1,bei1,FV2,b,ei,1,bēi
bei1_FV3_MP3.mp3,0,1,bei1,FV3,b,ei,1,bēi
bei1_MV1_MP3.mp3,0,1,bei1,MV1,b,ei,1,bēi
bei1_MV2_MP3.mp3,0,1,bei1,MV2,b,ei,1,bēi
bei1_MV3_MP3.mp3,0,1,bei1,MV3,b,ei,1,bēi
bei2_FV1_MP3.mp3,0,1,bei2,FV1,b,ei,2,béi
bei2_FV2_MP3.mp3,0,1,bei2,FV2,b,ei,2,béi
bei2_FV3_MP3.mp3,0,1,bei2,FV3,b,ei,2,béi
bei2_MV1_MP3.mp3,0,1,bei2,MV1,b,ei,2,béi
bei2_MV2_MP3.mp3,0,1,bei2,MV2,b,ei,2,béi
bei2_MV3_MP3.mp3,0,1,bei2,MV3,b,ei,2,béi
bei3_FV1_MP3.mp3,0,1,bei3,FV1,b,ei,3,běi
bei3_FV2_MP3.mp3,0,1,bei3,FV2,b,ei,3,běi
bei3_FV3_MP3.mp3,0,1,bei3,FV3,b,ei,3,běi
bei3_MV1_MP3.mp3,0,1,bei3,MV1,b,ei,3,běi
bei3_MV2_MP3.mp3,0,1,bei3,MV2,b,ei,3,běi
bei3_MV3_MP3.mp3,0,1,bei3,MV3,b,ei,3,běi
bei4_FV1_MP3.mp3,0,1,bei4,FV1,b,ei,4,bèi
bei4_FV2_MP3.mp3,0,1,bei4,FV2,b,ei,4,bèi
bei4_FV3_MP3.mp3,0,1,bei4,FV3,b,ei,4,bèi
bei4_MV1_MP3.mp3,0,1,bei4,MV1,b,ei,4,bèi
bei4_MV2_MP3.mp3,0,1,bei4,MV2,b,ei,4,bèi
bei4_MV3_MP3.mp3,0,1,bei4,MV3,b,ei,4,bèi
ben1_FV1_MP3.mp3,0,1,ben1,FV1,b,en,1,bēn
ben1_FV2_MP3.mp3,0,1,ben1,FV2,b,en,1,bēn
ben1_FV3_MP3.mp3,0,1,ben1,FV3,b,en,1,bēn
ben1_MV1_MP3.mp3,0,1,ben1,MV1,b,en,1,bēn
ben1_MV2_MP3.mp3,0,1,ben1,MV2,b,en,1,bēn
ben1_MV3_MP3.mp3,0,1,ben1,MV3,b,en,1,bēn
ben2_FV1_MP3.mp3,0,1,ben2,FV1,b,en,2,bén
ben2_FV2_MP3.mp3,0,1,ben2,FV2,b,en,2,bén
ben2_FV3_MP3.mp3,0,1,ben2,FV3,b,en,2,bén
ben2_MV1_MP3.mp3,0,1,ben2,MV1,b,en,2,bén
ben2_MV2_MP3.mp3,0,1,ben2,MV2,b,en,2,bén
ben2_MV3_MP3.mp3,0,1,ben2,MV3,b,en,2,bén
ben3_FV1_MP3.mp3,0,1,ben3,FV1,b,en,3,běn
ben3_FV2_MP3.mp3,0,1,ben3,FV2,b,en,3,běn
ben3_FV3_MP3.mp3,0,1,ben3,FV3,b,en,3,běn
ben3_MV1_MP3.mp3,0,1,ben3,MV1,b,en,3,běn
ben3_MV2_MP3.mp3,0,1,ben3,MV2,b,en,3,běn
ben3_MV3_MP3.mp3,0,1,ben3,MV3,b,en,3,běn
ben4_FV1_MP3.mp3,0,1,ben4,FV1,b,en,4,bèn
ben4_FV2_MP3.mp3,0,1,ben4,FV2,b,en,4,bèn
ben4_FV3_MP3.mp3,0,1,ben4,FV3,b,en,4,bèn
ben4_MV1_MP3.mp3,0,1,ben4,MV1,b,en,4,bèn
ben4_MV2_MP3.mp3,0,1,ben4,MV2,b,en,4,bèn
ben4_MV3_MP3.mp3,0,1,ben4,MV3,b,en,4,bèn
beng1_FV1_MP3.mp3,0,1,beng1,FV1,b,eng,1,bēng
beng1_FV2_MP3.mp3,0,1,beng1,FV2,b,eng,1,bēng
beng1_FV3_MP3.mp3,0,1,beng1,FV3,b,eng,1,bēng
beng1_MV1_MP3.mp3,0,1,beng1,MV1,b,eng,1,bēng
beng1_MV2_MP3.mp3,0,1,beng1,MV2,b,eng,1,bēng
beng1_MV3_MP3.mp3,0,1,beng1,MV3,b,eng,1,bēng
beng2_FV1_MP3.mp3,0,1,beng2,FV1,b,eng,2,béng
beng2_FV2_MP3.mp3,0,1,beng2,FV2,b,eng,2,béng
beng2_FV3_MP3.mp3,0,1,beng2,FV3,b,eng,2,béng
beng2_MV1_MP3.mp3,0,1,beng2,MV1,b,eng,2,béng
beng2_MV2_MP3.mp3,0,1,beng2,MV2,b,eng,2,béng
beng2_MV3_MP3.mp3,0,1,beng2,MV3,b,eng,2,béng
beng3_FV1_MP3.mp3,0,1,beng3,FV1,b,eng,3,běng
beng3_FV2_MP3.mp3,0,1,beng3,FV2,b,eng,3,běng
beng3_FV3_MP3.mp3,0,1,beng3,FV3,b,eng,3,běng
beng3_MV1_MP3.mp3,0,1,beng3,MV1,b,eng,3,běng
beng3_MV2_MP3.mp3,0,1,beng3,MV2,b,eng,3,běng
beng3_MV3_MP3.mp3,0,1,beng3,MV3,b,eng,3,běng
beng4_FV1_MP3.mp3,0,1,beng4,FV1,b,eng,4,bèng
beng4_FV2_MP3.mp3,0,1,beng4,FV2,b,eng,4,bèng
beng4_FV3_MP3.mp3,0,1,beng4,FV3,b,eng,4,bèng
beng4_MV1_MP3.mp3,0,1,beng4,MV1,b,eng,4,bèng
beng4_MV2_MP3.mp3,0,1,beng4,MV2,b,eng,4,bèng
beng4_MV3_MP3.mp3,0,1,beng4,MV3,b,eng,4,bèng
bi1_FV1_MP3.mp3,0,1,bi1,FV1,b,i,1,bī
bi1_FV2_MP3.mp3,0,1,bi1,FV2,b,i,1,bī
bi1_FV3_MP3.mp3,0,1,bi1,FV3,b,i,1,bī
bi1_MV1_MP3.mp3,0,1,bi1,MV1,b,i,1,bī
bi1_MV2_MP3.mp3,0,1,bi1,MV2,b,i,1,bī
bi1_MV3_MP3.mp3,0,1,bi1,MV3,b,i,1,bī
bi2_FV1_MP3.mp3,0,1,bi2,FV1,b,i,2,bí
bi2_FV2_MP3.mp3,0,1,bi2,FV2,b,i,2,bí
bi2_FV3_MP3.mp3,0,1,bi2,FV3,b,i,2,bí
bi2_MV1_MP3.mp3,0,1,bi2,MV1,b,i,2,bí
bi2_MV2_MP3.mp3,0,1,bi2,MV2,b,i,2,bí
bi2_MV3_MP3.mp3,0,1,bi2,MV3,b,i,2,bí
bi3_FV1_MP3.mp3,0,1,bi3,FV1,b,i,3,bǐ
bi3_FV2_MP3.mp3,0,1,bi3,FV2,b,i,3,bǐ
bi3_FV3_MP3.mp3,0,1,bi3,FV3,b,i,3,bǐ
bi3_MV1_MP3.mp3,0,1,bi3,MV1,b,i,3,bǐ
bi3_MV2_MP3.mp3,0,1,bi3,MV2,b,i,3,bǐ
bi3_MV3_MP3.mp3,0,1,bi3,MV3,b,i,3,bǐ
bi4_FV1_MP3.mp3,0,1,bi4,FV1,b,i,4,bì
bi4_FV2_MP3.mp3,0,1,bi4,FV2,b,i,4,bì
bi4_FV3_MP3.mp3,0,1,bi4,FV3,b,i,4,bì
bi4_MV1_MP3.mp3,0,1,bi4,MV1,b,i,4,bì
bi4_MV2_MP3.mp3,0,1,bi4,MV2,b,i,4,bì
bi4_MV3_MP3.mp3,0,1,bi4,MV3,b,i,4,bì
bian1_FV1_MP3.mp3,0,1,bian1,FV1,b,ian,1,biān
bian1_FV2_MP3.mp3,0,1,bian1,FV2,b,ian,1,biān
bian1_FV3_MP3.mp3,0,1,bian1,FV3,b,ian,1,biān
bian1_MV1_MP3.mp3,0,1,bian1,MV1,b,ian,1,biān
bian1_MV2_MP3.mp3,0,1,bian1,MV2,b,ian,1,biān
bian1_MV3_MP3.mp3,0,1,bian1,MV3,b,ian,1,biān
bian2_FV1_MP3.mp3,0,1,bian2,FV1,b,ian,2,bián
bian2_FV2_MP3.mp3,0,1,bian2,FV2,b,ian,2,bián
bian2_FV3_MP3.mp3,0,1,bian2,FV3,b,ian,2,bián
bian2_MV1_MP3.mp3,0,1,bian2,MV1,b,ian,2,bián
bian2_MV2_MP3.mp3,0,1,bian2,MV2,b,ian,2,bián
bian2_MV3_MP3.mp3,0,1,bian2,MV3,b,ian,2,bián
bian3_FV1_MP3.mp3,0,1,bian3,FV1,b,ian,3,biǎn
bian3_FV2_MP3.mp3,0,1,bian3,FV2,b,ian,3,biǎn
bian3_FV3_MP3.mp3,0,1,bian3,FV3,b,ian,3,biǎn
bian3_MV1_MP3.mp3,0,1,bian3,MV1,b,ian,3,biǎn
bian3_MV2_MP3.mp3,0,1,bian3,MV2,b,ian,3,biǎn
bian3_MV3_MP3.mp3,0,1,bian3,MV3,b,ian,3,biǎn
bian4_FV1_MP3.mp3,0,1,bian4,FV1,b,ian,4,biàn
bian4_FV2_MP3.mp3,0,1,bian4,FV2,b,ian,4,biàn
bian4_FV3_MP3.mp3,0,1,bian4,FV3,b,ian,4,biàn
bian4_MV1_MP3.mp3,0,1,bian4,MV1,b,ian,4,biàn
bian4_MV2_MP3.mp3,0,1,bian4,MV2,b,ian,4,biàn
bian4_MV3_MP3.mp3,0,1,bian4,MV3,b,ian,4,biàn
biao1_FV1_MP3.mp3,0,1,biao1,FV1,b,iao,1,biāo
biao1_FV2_MP3.mp3,0,1,biao1,FV2,b,iao,1,biāo
biao1_FV3_MP3.mp3,0,1,biao1,FV3,b,iao,1,biāo
biao1_MV1_MP3.mp3,0,1,biao1,MV1,b,iao,1,biāo
biao1_MV2_MP3.mp3,0,1,biao1,MV2,b,iao,1,biāo
biao1_MV3_MP3.mp3,0,1,biao1,MV3,b,iao,1,biāo
biao2_FV1_MP3.mp3,0,1,biao2,FV1,b,iao,2,biáo
biao2_FV2_MP3.mp3,0,1,biao2,FV2,b,iao,2,biáo
biao2_FV3_MP3.mp3,0,1,biao2,FV3,b,iao,2,biáo
biao2_MV1_MP3.mp3,0,1,biao2,MV1,b,iao,2,biáo
biao2_MV2_MP3.mp3,0,1,biao2,MV2,b,iao,2,biáo
biao2_MV3_MP3.mp3,0,1,biao2,MV3,b,iao,2,biáo
biao3_FV1_MP3.mp3,0,1,biao3,FV1,b,iao,3,biǎo
biao3_FV2_MP3.mp3,0,1,biao3,FV2,b,iao,3,biǎo
biao3_FV3_MP3.mp3,0,1,biao3,FV3,b,iao,3,biǎo
biao3_MV1_MP3.mp3,0,1,biao3,MV1,b,iao,3,biǎo
biao3_MV2_MP3.mp3,0,1,biao3,MV2,b,iao,3,biǎo
biao3_MV3_MP3.mp3,0,1,biao3,MV3,b,iao,3,biǎo
biao4_FV1_MP3.mp3,0,1,biao4,FV1,b,iao,4,biào
biao4_FV2_MP3.mp3,0,1,biao4,FV2,b,iao,4,biào
biao4_FV3_MP3.mp3,0,1,biao4,FV3,b,iao,4,biào
biao4_MV1_MP3.mp3,0,1,biao4,MV1,b,iao,4,biào
biao4_MV2_MP3.mp3,0,1,biao4,MV2,b,iao,4,biào
biao4_MV3_MP3.mp3,0,1,biao4,MV3,b,iao,4,biào
bie1_FV1_MP3.mp3,0,1,bie1,FV1,b,ie,1,biē
bie1_FV2_MP3.mp3,0,1,bie1,FV2,b,ie,1,biē
bie1_FV3_MP3.mp3,0,1,bie1,FV3,b,ie,1,biē
bie1_MV1_MP3.mp3,0,1,bie1,MV1,b,ie,1,biē
bie1_MV2_MP3.mp3,0,1,bie1,MV2,b,ie,1,biē
bie1_MV3_MP3.mp3,0,1,bie1,MV3,b,ie,1,biē
bie2_FV1_MP3.mp3,0,1,bie2,FV1,b,ie,2,bié
bie2_FV2_MP3.mp3,0,1,bie2,FV2,b,ie,2,bié
bie2_FV3_MP3.mp3,0,1,bie2,FV3,b,ie,2,bié
bie2_MV1_MP3.mp3,0,1,bie2,MV1,b,ie,2,bié
bie2_MV2_MP3.mp3,0,1,bie2,MV2,b,ie,2,bié
bie2_MV3_MP3.mp3,0,1,bie2,MV3,b,ie,2,bié
bie3_FV1_MP3.mp3,0,1,bie3,FV1,b,ie,3,biě
bie3_FV2_MP3.mp3,0,1,bie3,FV2,b,ie,3,biě
bie3_FV3_MP3.mp3,0,1,bie3,FV3,b,ie,3,biě
bie3_MV1_MP3.mp3,0,1,bie3,MV1,b,ie,3,biě
bie3_MV2_MP3.mp3,0,1,bie3,MV2,b,ie,3,biě
bie3_MV3_MP3.mp3,0,1,bie3,MV3,b,ie,3,biě
bie4_FV1_MP3.mp3,0,1,bie4,FV1,b,ie,4,biè
bie4_FV2_MP3.mp3,0,1,bie4,FV2,b,ie,4,biè
bie4_FV3_MP3.mp3,0,1,bie4,FV3,b,ie,4,biè
bie4_MV1_MP3.mp3,0,1,bie4,MV1,b,ie,4,biè
bie4_MV2_MP3.mp3,0,1,bie4,MV2,b,ie,4,biè
bie4_MV3_MP3.mp3,0,1,bie4,MV3,b,ie,4,biè
bin1_FV1_MP3.mp3,0,1,bin1,FV1,b,in,1,bīn
bin1_FV2_MP3.mp3,0,1,bin1,FV2,b,in,1,bīn
bin1_FV3_MP3.mp3,0,1,bin1,FV3,b,in,1,bīn
bin1_MV1_MP3.mp3,0,1,bin1,MV1,b,in,1,bīn
bin1_MV2_MP3.mp3,0,1,bin1,MV2,b,in,1,bīn
bin1_MV3_MP3.mp3,0,1,bin1,MV3,b,in,1,bīn
bin2_FV1_MP3.mp3,0,1,bin2,FV1,b,in,2,bín
bin2_FV2_MP3.mp3,0,1,bin2,FV2,b,in,2,bín
bin2_FV3_MP3.mp3,0,1,bin2,FV3,b,in,2,bín
bin2_MV1_MP3.mp3,0,1,bin2,MV1,b,in,2,bín
bin2_MV2_MP3.mp3,0,1,bin2,MV2,b,in,2,bín
bin2_MV3_MP3.mp3,0,1,bin2,MV3,b,in,2,bín
bin3_FV1_MP3.mp3,0,1,bin3,FV1,b,in,3,bǐn
bin3_FV2_MP3.mp3,0,1,bin3,FV2,b,in,3,bǐn
bin3_FV3_MP3.mp3,0,1,bin3,FV3,b,in,3,bǐn
bin3_MV1_MP3.mp3,0,1,bin3,MV1,b,in,3,bǐn
bin3_MV2_MP3.mp3,0,1,bin3,MV2,b,in,3,bǐn
bin3_MV3_MP3.mp3,0,1,bin3,MV3,b,in,3,bǐn
bin4_FV1_MP3.mp3,0,1,bin4,FV1,b,in,4,bìn
bin4_FV2_MP3.mp3,0,1,bin4,FV2,b,in,4,bìn
bin4_FV3_MP3.mp3,0,1,bin4,FV3,b,in,4,bìn
bin4_MV1_MP3.mp3,0,1,bin4,MV1,b,in,4,bìn
bin4_MV2_MP3.mp3,0,1,bin4,MV2,b,in,4,bìn
bin4_MV3_MP3.mp3,0,1,bin4,MV3,b,in,4,bìn
bing1_FV1_MP3.mp3,0,1,bing1,FV1,b,ing,1,bīng
bing1_FV2_MP3.mp3,0,1,bing1,FV2,b,ing,1,bīng
bing1_FV3_MP3.mp3,0,1,bing1,FV3,b,ing,1,bīng
bing1_MV1_MP3.mp3,0,1,bing1,MV1,b,ing,1,bīng
bing1_MV2_MP3.mp3,0,1,bing1,MV2,b,ing,1,bīng
bing1_MV3_MP3.mp3,0,1,bing1,MV3,b,ing,1,bīng
bing2_FV1_MP3.mp3,0,1,bing2,FV1,b,ing,2,bíng
bing2_FV2_MP3.mp3,0,1,bing2,FV2,b,ing,2,bíng
bing2_FV3_MP3.mp3,0,1,bing2,FV3,b,ing,2,bíng
bing2_MV1_MP3.mp3,0,1,bing2,MV1,b,ing,2,bíng
bing2_MV2_MP3.mp3,0,1,bing2,MV2,b,ing,2,bíng
bing2_MV3_MP3.mp3,0,1,bing2,MV3,b,ing,2,bíng
bing3_FV1_MP3.mp3,0,1,bing3,FV1,b,ing,3,bǐng
bing3_FV2_MP3.mp3,0,1,bing3,FV2,b,ing,3,bǐng
bing3_FV3_MP3.mp3,0,1,bing3,FV3,b,ing,3,bǐng
bing3_MV1_MP3.mp3,0,1,bing3,MV1,b,ing,3,bǐng
bing3_MV2_MP3.mp3,0,1,bing3,MV2,b,ing,3,bǐng
bing3_MV3_MP3.mp3,0,1,bing3,MV3,b,ing,3,bǐng
bing4_FV1_MP3.mp3,0,1,bing4,FV1,b,ing,4,bìng
bing4_FV2_MP3.mp3,0,1,bing4,FV2,b,ing,4,bìng
bing4_FV3_MP3.mp3,0,1,bing4,FV3,b,ing,4,bìng
bing4_MV1_MP3.mp3,0,1,bing4,MV1,b,ing,4,bìng
bing4_MV2_MP3.mp3,0,1,bing4,MV2,b,ing,4,bìng
bing4_MV3_MP3.mp3,0,1,bing4,MV3,b,ing,4,bìng
bo1_FV1_MP3.mp3,0,1,bo1,FV1,b,o,1,bō
bo1_FV2_MP3.mp3,0,1,bo1,FV2,b,o,1,bō
bo1_FV3_MP3.mp3,0,1,bo1,FV3,b,o,1,bō
bo1_MV1_MP3.mp3,0,1,bo1,MV1,b,o,1,bō
bo1_MV2_MP3.mp3,0,1,bo1,MV2,b,o,1,bō
bo1_MV3_MP3.mp3,0,1,bo1,MV3,b,o,1,bō
bo2_FV1_MP3.mp3,0,1,bo2,FV1,b,o,2,bó
bo2_FV2_MP3.mp3,0,1,bo2,FV2,b,o,2,bó
bo2_FV3_MP3.mp3,0,1,bo2,FV3,b,o,2,bó
bo2_MV1_MP3.mp3,0,1,bo2,MV1,b,o,2,bó
bo2_MV2_MP3.mp3,0,1,bo2,MV2,b,o,2,bó
bo2_MV3_MP3.mp3,0,1,bo2,MV3,b,o,2,bó
bo3_FV1_MP3.mp3,0,1,bo3,FV1,b,o,3,bǒ
bo3_FV2_MP3.mp3,0,1,bo3,FV2,b,o,3,bǒ
bo3_FV3_MP3.mp3,0,1,bo3,FV3,b,o,3,bǒ
bo3_MV1_MP3.mp3,0,1,bo3,MV1,b,o,3,bǒ
bo3_MV2_MP3.mp3,0,1,bo3,MV2,b,o,3,bǒ
bo3_MV3_MP3.mp3,0,1,bo3,MV3,b,o,3,bǒ
bo4_FV1_MP3.mp3,0,1,bo4,FV1,b,o,4,bò
bo4_FV2_MP3.mp3,0,1,bo4,FV2,b,o,4,bò
bo4_FV3_MP3.mp3,0,1,bo4,FV3,b,o,4,bò
bo4_MV1_MP3.mp3,0,1,bo4,MV1,b,o,4,bò
bo4_MV2_MP3.mp3,0,1,bo4,MV2,b,o,4,bò
bo4_MV3_MP3.mp3,0,1,bo4,MV3,b,o,4,bò
bu1_FV1_MP3.mp3,0,1,bu1,FV1,b,u,1,bū
bu1_FV2_MP3.mp3,0,1,bu1,FV2,b,u,1,bū
bu1_FV3_MP3.mp3,0,1,bu1,FV3,b,u,1,bū
bu1_MV1_MP3.mp3,0,1,bu1,MV1,b,u,1,bū
bu1_MV2_MP3.mp3,0,1,bu1,MV2,b,u,1,bū
bu1_MV3_MP3.mp3,0,1,bu1,MV3,b,u,1,bū
bu2_FV1_MP3.mp3,0,1,bu2,FV1,b,u,2,bú
bu2_FV2_MP3.mp3,0,1,bu2,FV2,b,u,2,bú
bu2_FV3_MP3.mp3,0,1,bu2,FV3,b,u,2,bú
bu2_MV1_MP3.mp3,0,1,bu2,MV1,b,u,2,bú
bu2_MV2_MP3.mp3,0,2,bu2,MV2,b,u,2,bú
bu2_MV3_MP3.mp3,0,2,bu2,MV3,b,u,2,bú
bu3_FV1_MP3.mp3,0,2,bu3,FV1,b,u,3,bǔ
bu3_FV2_MP3.mp3,0,2,bu3,FV2,b,u,3,bǔ
bu3_FV3_MP3.mp3,0,2,bu3,FV3,b,u,3,bǔ
bu3_MV1_MP3.mp3,0,2,bu3,MV1,b,u,3,bǔ
bu3_MV2_MP3.mp3,0,2,bu3,MV2,b,u,3,bǔ
bu3_MV3_MP3.mp3,0,2,bu3,MV3,b,u,3,bǔ
bu4_FV1_MP3.mp3,0,2,bu4,FV1,b,u,4,bù
bu4_FV2_MP3.mp3,0,2,bu4,FV2,b,u,4,bù
bu4_FV3_MP3.mp3,0,2,bu4,FV3,b,u,4,bù
bu4_MV1_MP3.mp3,0,2,bu4,MV1,b,u,4,bù
bu4_MV2_MP3.mp3,0,2,bu4,MV2,b,u,4,bù
bu4_MV3_MP3.mp3,0,2,bu4,MV3,b,u,4,bù
ca1_FV1_MP3.mp3,0,2,ca1,FV1,c,a,1,cā
ca1_FV2_MP3.mp3,0,2,ca1,FV2,c,a,1,cā
ca1_FV3_MP3.mp3,0,2,ca1,FV3,c,a,1,cā
ca1_MV1_MP3.mp3,0,2,ca1,MV1,c,a,1,cā
ca1_MV2_MP3.mp3,0,2,ca1,MV2,c,a,1,cā
ca1_MV3_MP3.mp3,0,2,ca1,MV3,c,a,1,cā
ca2_FV1_MP3.mp3,0,2,ca2,FV1,c,a,2,cá
ca2_FV2_MP3.mp3,0,2,ca2,FV2,c,a,2,cá
ca2_FV3_MP3.mp3,0,2,ca2,FV3,c,a,2,cá
ca2_MV1_MP3.mp3,0,2,ca2,MV1,c,a,2,cá
ca2_MV2_MP3.mp3,0,2,ca2,MV2,c,a,2,cá
ca2_MV3_MP3.mp3,0,2,ca2,MV3,c,a,2,cá
ca3_FV1_MP3.mp3,0,2,ca3,FV1,c,a,3,cǎ
ca3_FV2_MP3.mp3,0,2,ca3,FV2,c,a,3,cǎ
ca3_FV3_MP3.mp3,0,2,ca3,FV3,c,a,3,cǎ
ca3_MV1_MP3.mp3,0,2,ca3,MV1,c,a,3,cǎ
ca3_MV2_MP3.mp3,0,2,ca3,MV2,c,a,3,cǎ
ca3_MV3_MP3.mp3,0,2,ca3,MV3,c,a,3,cǎ
ca4_FV1_MP3.mp3,0,2,ca4,FV1,c,a,4,cà
ca4_FV2_MP3.mp3,0,2,ca4,FV2,c,a,4,cà
ca4_FV3_MP3.mp3,0,2,ca4,FV3,c,a,4,cà
ca4_MV1_MP3.mp3,0,2,ca4,MV1,c,a,4,cà
ca4_MV2_MP3.mp3,0,2,ca4,MV2,c,a,4,cà
ca4_MV3_MP3.mp3,0,2,ca4,MV3,c,a,4,cà
cai1_FV1_MP3.mp3,0,2,cai1,FV1,c,ai,1,cāi
cai1_FV2_MP3.mp3,0,2,cai1,FV2,c,ai,1,cāi
cai1_FV3_MP3.mp3,0,2,cai1,FV3,c,ai,1,cāi
cai1_MV1_MP3.mp3,0,2,cai1,MV1,c,ai,1,cāi
cai1_MV2_MP3.mp3,0,2,cai1,MV2,c,ai,1,cāi
cai1_MV3_MP3.mp3,0,2,cai1,MV3,c,ai,1,cāi
cai2_FV1_MP3.mp3,0,2,cai2,FV1,c,ai,2,cái
cai2_FV2_MP3.mp3,0,2,cai2,FV2,c,ai,2,cái
cai2_FV3_MP3.mp3,0,2,cai2,FV3,c,ai,2,cái
cai2_MV1_MP3.mp3,0,2,cai2,MV1,c,ai,2,cái
cai2_MV2_MP3.mp3,0,2,cai2,MV2,c,ai,2,cái
cai2_MV3_MP3.mp3,0,2,cai2,MV3,c,ai,2,cái
cai3_FV1_MP3.mp3,0,2,cai3,FV1,c,ai,3,cǎi
cai3_FV2_MP3.mp3,0,2,cai3,FV2,c,ai,3,cǎi
cai3_FV3_MP3.mp3,0,2,cai3,FV3,c,ai,3,cǎi
cai3_MV1_MP3.mp3,0,2,cai3,MV1,c,ai,3,cǎi
cai3_MV2_MP3.mp3,0,2,cai3,MV2,c,ai,3,cǎi
cai3_MV3_MP3.mp3,0,2,cai3,MV3,c,ai,3,cǎi
cai4_FV1_MP3.mp3,0,2,cai4,FV1,c,ai,4,cài
cai4_FV2_MP3.mp3,0,2,cai4,FV2,c,ai,4,cài
cai4_FV3_MP3.mp3,0,2,cai4,FV3,c,ai,4,cài
cai4_MV1_MP3.mp3,0,2,cai4,MV1,c,ai,4,cài
cai4_MV2_MP3.mp3,0,2,cai4,MV2,c,ai,4,cài
cai4_MV3_MP3.mp3,0,2,cai4,MV3,c,ai,4,cài
can1_FV1_MP3.mp3,0,2,can1,FV1,c,an,1,cān
can1_FV2_MP3.mp3,0,2,can1,FV2,c,an,1,cān
can1_FV3_MP3.mp3,0,2,can1,FV3,c,an,1,cān
can1_MV1_MP3.mp3,0,2,can1,MV1,c,an,1,cān
can1_MV2_MP3.mp3,0,2,can1,MV2,c,an,1,cān
can1_MV3_MP3.mp3,0,2,can1,MV3,c,an,1,cān
can2_FV1_MP3.mp3,0,2,can2,FV1,c,an,2,cán
can2_FV2_MP3.mp3,0,2,can2,FV2,c,an,2,cán
can2_FV3_MP3.mp3,0,2,can2,FV3,c,an,2,cán
can2_MV1_MP3.mp3,0,2,can2,MV1,c,an,2,cán
can2_MV2_MP3.mp3,0,2,can2,MV2,c,an,2,cán
can2_MV3_MP3.mp3,0,2,can2,MV3,c,an,2,cán
can3_FV1_MP3.mp3,0,2,can3,FV1,c,an,3,cǎn
can3_FV2_MP3.mp3,0,2,can3,FV2,c,an,3,cǎn
can3_FV3_MP3.mp3,0,2,can3,FV3,c,an,3,cǎn
can3_MV1_MP3.mp3,0,2,can3,MV1,c,an,3,cǎn
can3_MV2_MP3.mp3,0,2,can3,MV2,c,an,3,cǎn
can3_MV3_MP3.mp3,0,2,can3,MV3,c,an,3,cǎn
can4_FV1_MP3.mp3,0,2,can4,FV1,c,an,4,càn
can4_FV2_MP3.mp3,0,2,can4,FV2,c,an,4,càn
can4_FV3_MP3.mp3,0,2,can4,FV3,c,an,4,càn
can4_MV1_MP3.mp3,0,2,can4,MV1,c,an,4,càn
can4_MV2_MP3.mp3,0,2,can4,MV2,c,an,4,càn
can4_MV3_MP3.mp3,0,2,can4,MV3,c,an,4,càn
cang1_FV1_MP3.mp3,0,2,cang1,FV1,c,ang,1,cāng
cang1_FV2_MP3.mp3,0,2,cang1,FV2,c,ang,1,cāng
cang1_FV3_MP3.mp3,0,2,cang1,FV3,c,ang,1,cāng
cang1_MV1_MP3.mp3,0,2,cang1,MV1,c,ang,1,cāng
cang1_MV2_MP3.mp3,0,2,cang1,MV2,c,ang,1,cāng
cang1_MV3_MP3.mp3,0,2,cang1,MV3,c,ang,1,cāng
cang2_FV1_MP3.mp3,0,2,cang2,FV1,c,ang,2,cáng
cang2_FV2_MP3.mp3,0,2,cang2,FV2,c,ang,2,cáng
cang2_FV3_MP3.mp3,0,2,cang2,FV3,c,ang,2,cáng
cang2_MV1_MP3.mp3,0,2,cang2,MV1,c,ang,2,cáng
cang2_MV2_MP3.mp3,0,2,cang2,MV2,c,ang,2,cáng
cang2_MV3_MP3.mp3,0,2,cang2,MV3,c,ang,2,cáng
cang3_FV1_MP3.mp3,0,2,cang3,FV1,c,ang,3,cǎng
cang3_FV2_MP3.mp3,0,2,cang3,FV2,c,ang,3,cǎng
cang3_FV3_MP3.mp3,0,2,cang3,FV3,c,ang,3,cǎng
cang3_MV1_MP3.mp3,0,2,cang3,MV1,c,ang,3,cǎng
cang3_MV2_MP3.mp3,0,2,cang3,MV2,c,ang,3,cǎng
cang3_MV3_MP3.mp3,0,2,cang3,MV3,c,ang,3,cǎng
cang4_FV1_MP3.mp3,0,2,cang4,FV1,c,ang,4,càng
cang4_FV2_MP3.mp3,0,2,cang4,FV2,c,ang,4,càng
cang4_FV3_MP3.mp3,0,2,cang4,FV3,c,ang,4,càng
cang4_MV1_MP3.mp3,0,2,cang4,MV1,c,ang,4,càng
cang4_MV2_MP3.mp3,0,2,cang4,MV2,c,ang,4,càng
cang4_MV3_MP3.mp3,0,2,cang4,MV3,c,ang,4,càng
cao1_FV1_MP3.mp3,0,2,cao1,FV1,c,ao,1,cāo
cao1_FV2_MP3.mp3,0,2,cao1,FV2,c,ao,1,cāo
cao1_FV3_MP3.mp3,0,2,cao1,FV3,c,ao,1,cāo
cao1_MV1_MP3.mp3,0,2,cao1,MV1,c,ao,1,cāo
cao1_MV2_MP3.mp3,0,2,cao1,MV2,c,ao,1,cāo
cao1_MV3_MP3.mp3,0,2,cao1,MV3,c,ao,1,cāo
cao2_FV1_MP3.mp3,0,2,cao2,FV1,c,ao,2,cáo
cao2_FV2_MP3.mp3,0,2,cao2,FV2,c,ao,2,cáo
cao2_FV3_MP3.mp3,0,2,cao2,FV3,c,ao,2,cáo
cao2_MV1_MP3.mp3,0,2,cao2,MV1,c,ao,2,cáo
cao2_MV2_MP3.mp3,0,2,cao2,MV2,c,ao,2,cáo
cao2_MV3_MP3.mp3,0,2,cao2,MV3,c,ao,2,cáo
cao3_FV1_MP3.mp3,0,2,cao3,FV1,c,ao,3,cǎo
cao3_FV2_MP3.mp3,0,2,cao3,FV2,c,ao,3,cǎo
cao3_FV3_MP3.mp3,0,2,cao3,FV3,c,ao,3,cǎo
cao3_MV1_MP3.mp3,0,2,cao3,MV1,c,ao,3,cǎo
cao3_MV2_MP3.mp3,0,2,cao3,MV2,c,ao,3,cǎo
cao3_MV3_MP3.mp3,0,2,cao3,MV3,c,ao,3,cǎo
cao4_FV1_MP3.mp3,0,2,cao4,FV1,c,ao,4,cào
cao4_FV2_MP3.mp3,0,2,cao4,FV2,c,ao,4,cào
cao4_FV3_MP3.mp3,0,2,cao4,FV3,c,ao,4,cào
cao4_MV1_MP3.mp3,0,2,cao4,MV1,c,ao,4,cào
cao4_MV2_MP3.mp3,0,2,cao4,MV2,c,ao,4,cào
cao4_MV3_MP3.mp3,0,2,cao4,MV3,c,ao,4,cào
ce1_FV1_MP3.mp3,0,2,ce1,FV1,c,e,1,cē
ce1_FV2_MP3.mp3,0,2,ce1,FV2,c,e,1,cē
ce1_FV3_MP3.mp3,0,2,ce1,FV3,c,e,1,cē
ce1_MV1_MP3.mp3,0,2,ce1,MV1,c,e,1,cē
ce1_MV2_MP3.mp3,0,2,ce1,MV2,c,e,1,cē
ce1_MV3_MP3.mp3,0,2,ce1,MV3,c,e,1,cē
ce2_FV1_MP3.mp3,0,2,ce2,FV1,c,e,2,cé
ce2_FV2_MP3.mp3,0,2,ce2,FV2,c,e,2,cé
ce2_FV3_MP3.mp3,0,2,ce2,FV3,c,e,2,cé
ce2_MV1_MP3.mp3,0,2,ce2,MV1,c,e,2,cé
ce2_MV2_MP3.mp3,0,2,ce2,MV2,c,e,2,cé
ce2_MV3_MP3.mp3,0,2,ce2,MV3,c,e,2,cé
ce3_FV1_MP3.mp3,0,2,ce3,FV1,c,e,3,cě
ce3_FV2_MP3.mp3,0,2,ce3,FV2,c,e,3,cě
ce3_FV3_MP3.mp3,0,2,ce3,FV3,c,e,3,cě
ce3_MV1_MP3.mp3,0,2,ce3,MV1,c,e,3,cě
ce3_MV2_MP3.mp3,0,2,ce3,MV2,c,e,3,cě
ce3_MV3_MP3.mp3,0,2,ce3,MV3,c,e,3,cě
ce4_FV1_MP3.mp3,0,2,ce4,FV1,c,e,4,cè
ce4_FV2_MP3.mp3,0,2,ce4,FV2,c,e,4,cè
ce4_FV3_MP3.mp3,0,2,ce4,FV3,c,e,4,cè
ce4_MV1_MP3.mp3,0,2,ce4,MV1,c,e,4,cè
ce4_MV2_MP3.mp3,0,2,ce4,MV2,c,e,4,cè
ce4_MV3_MP3.mp3,0,2,ce4,MV3,c,e,4,cè
cen1_FV1_MP3.mp3,0,2,cen1,FV1,c,en,1,cēn
cen1_FV2_MP3.mp3,0,2,cen1,FV2,c,en,1,cēn
cen1_FV3_MP3.mp3,0,2,cen1,FV3,c,en,1,cēn
cen1_MV1_MP3.mp3,0,2,cen1,MV1,c,en,1,cēn
cen1_MV2_MP3.mp3,0,2,cen1,MV2,c,en,1,cēn
cen1_MV3_MP3.mp3,0,2,cen1,MV3,c,en,1,cēn
cen2_FV1_MP3.mp3,0,2,cen2,FV1,c,en,2,cén
cen2_FV2_MP3.mp3,0,2,cen2,FV2,c,en,2,cén
cen2_FV3_MP3.mp3,0,2,cen2,FV3,c,en,2,cén
cen2_MV1_MP3.mp3,0,2,cen2,MV1,c,en,2,cén
cen2_MV2_MP3.mp3,0,2,cen2,MV2,c,en,2,cén
cen2_MV3_MP3.mp3,0,2,cen2,MV3,c,en,2,cén
cen3_FV1_MP3.mp3,0,2,cen3,FV1,c,en,3,cěn
cen3_FV2_MP3.mp3,0,2,cen3,FV2,c,en,3,cěn
cen3_FV3_MP3.mp3,0,2,cen3,FV3,c,en,3,cěn
cen3_MV1_MP3.mp3,0,2,cen3,MV1,c,en,3,cěn
cen3_MV2_MP3.mp3,0,2,cen3,MV2,c,en,3,cěn
cen3_MV3_MP3.mp3,0,2,cen3,MV3,c,en,3,cěn
cen4_FV1_MP3.mp3,0,2,cen4,FV1,c,en,4,cèn
cen4_FV2_MP3.mp3,0,2,cen4,FV2,c,en,4,cèn
cen4_FV3_MP3.mp3,0,2,cen4,FV3,c,en,4,cèn
cen4_MV1_MP3.mp3,0,2,cen4,MV1,c,en,4,cèn
cen4_MV2_MP3.mp3,0,2,cen4,MV2,c,en,4,cèn
cen4_MV3_MP3.mp3,0,2,cen4,MV3,c,en,4,cèn
ceng1_FV1_MP3.mp3,0,2,ceng1,FV1,c,eng,1,cēng
ceng1_FV2_MP3.mp3,0,2,ceng1,FV2,c,eng,1,cēng
ceng1_FV3_MP3.mp3,0,2,ceng1,FV3,c,eng,1,cēng
ceng1_MV1_MP3.mp3,0,2,ceng1,MV1,c,eng,1,cēng
ceng1_MV2_MP3.mp3,0,2,ceng1,MV2,c,eng,1,cēng
ceng1_MV3_MP3.mp3,0,2,ceng1,MV3,c,eng,1,cēng
ceng2_FV1_MP3.mp3,0,2,ceng2,FV1,c,eng,2,céng
ceng2_FV2_MP3.mp3,0,2,ceng2,FV2,c,eng,2,céng
ceng2_FV3_MP3.mp3,0,2,ceng2,FV3,c,eng,2,céng
ceng2_MV1_MP3.mp3,0,2,ceng2,MV1,c,eng,2,céng
ceng2_MV2_MP3.mp3,0,2,ceng2,MV2,c,eng,2,céng
ceng2_MV3_MP3.mp3,0,2,ceng2,MV3,c,eng,2,céng
ceng3_FV1_MP3.mp3,0,2,ceng3,FV1,c,eng,3,cěng
ceng3_FV2_MP3.mp3,0,2,ceng3,FV2,c,eng,3,cěng
ceng3_FV3_MP3.mp3,0,2,ceng3,FV3,c,eng,3,cěng
ceng3_MV1_MP3.mp3,0,2,ceng3,MV1,c,eng,3,cěng
ceng3_MV2_MP3.mp3,0,2,ceng3,MV2,c,eng,3,cěng
ceng3_MV3_MP3.mp3,0,2,ceng3,MV3,c,eng,3,cěng
ceng4_FV1_MP3.mp3,0,2,ceng4,FV1,c,eng,4,cèng
ceng4_FV2_MP3.mp3,0,2,ceng4,FV2,c,eng,4,cèng
ceng4_FV3_MP3.mp3,0,2,ceng4,FV3,c,eng,4,cèng
ceng4_MV1_MP3.mp3,0,2,ceng4,MV1,c,eng,4,cèng
ceng4_MV2_MP3.mp3,0,2,ceng4,MV2,c,eng,4,cèng
ceng4_MV3_MP3.mp3,0,2,ceng4,MV3,c,eng,4,cèng
cha1_FV1_MP3.mp3,0,2,cha1,FV1,ch,a,1,chā
cha1_FV2_MP3.mp3,0,2,cha1,FV2,ch,a,1,chā
cha1_FV3_MP3.mp3,0,2,cha1,FV3,ch,a,1,chā
cha1_MV1_MP3.mp3,0,2,cha1,MV1,ch,a,1,chā
cha1_MV2_MP3.mp3,0,2,cha1,MV2,ch,a,1,chā
cha1_MV3_MP3.mp3,0,2,cha1,MV3,ch,a,1,chā
cha2_FV1_MP3.mp3,0,2,cha2,FV1,ch,a,2,chá
cha2_FV2_MP3.mp3,0,2,cha2,FV2,ch,a,2,chá
cha2_FV3_MP3.mp3,0,2,cha2,FV3,ch,a,2,chá
cha2_MV1_MP3.mp3,0,2,cha2,MV1,ch,a,2,chá
cha2_MV2_MP3.mp3,0,2,cha2,MV2,ch,a,2,chá
cha2_MV3_MP3.mp3,0,2,cha2,MV3,ch,a,2,chá
cha3_FV1_MP3.mp3,0,2,cha3,FV1,ch,a,3,chǎ
cha3_FV2_MP3.mp3,0,2,cha3,FV2,ch,a,3,chǎ
cha3_FV3_MP3.mp3,0,2,cha3,FV3,ch,a,3,chǎ
cha3_MV1_MP3.mp3,0,2,cha3,MV1,ch,a,3,chǎ
cha3_MV2_MP3.mp3,0,2,cha3,MV2,ch,a,3,chǎ
cha3_MV3_MP3.mp3,0,2,cha3,MV3,ch,a,3,chǎ
cha4_FV1_MP3.mp3,0,2,cha4,FV1,ch,a,4,chà
cha4_FV2_MP3.mp3,0,2,cha4,FV2,ch,a,4,chà
cha4_FV3_MP3.mp3,0,2,cha4,FV3,ch,a,4,chà
cha4_MV1_MP3.mp3,0,2,cha4,MV1,ch,a,4,chà
cha4_MV2_MP3.mp3,0,2,cha4,MV2,ch,a,4,chà
cha4_MV3_MP3.mp3,0,2,cha4,MV3,ch,a,4,chà
chai1_FV1_MP3.mp3,0,2,chai1,FV1,ch,ai,1,chāi
chai1_FV2_MP3.mp3,0,2,chai1,FV2,ch,ai,1,chāi
chai1_FV3_MP3.mp3,0,2,chai1,FV3,ch,ai,1,chāi
chai1_MV1_MP3.mp3,0,2,chai1,MV1,ch,ai,1,chāi
chai1_MV2_MP3.mp3,0,2,chai1,MV2,ch,ai,1,chāi
chai1_MV3_MP3.mp3,0,2,chai1,MV3,ch,ai,1,chāi
chai2_FV1_MP3.mp3,0,2,chai2,FV1,ch,ai,2,chái
chai2_FV2_MP3.mp3,0,2,chai2,FV2,ch,ai,2,chái
chai2_FV3_MP3.mp3,0,2,chai2,FV3,ch,ai,2,chái
chai2_MV1_MP3.mp3,0,2,chai2,MV1,ch,ai,2,chái
chai2_MV2_MP3.mp3,0,2,chai2,MV2,ch,ai,2,chái
chai2_MV3_MP3.mp3,0,2,chai2,MV3,ch,ai,2,chái
chai3_FV1_MP3.mp3,0,2,chai3,FV1,ch,ai,3,chǎi
chai3_FV2_MP3.mp3,0,2,chai3,FV2,ch,ai,3,chǎi
chai3_FV3_MP3.mp3,0,2,chai3,FV3,ch,ai,3,chǎi
chai3_MV1_MP3.mp3,0,2,chai3,MV1,ch,ai,3,chǎi
chai3_MV2_MP3.mp3,0,2,chai3,MV2,ch,ai,3,chǎi
chai3_MV3_MP3.mp3,0,2,chai3,MV3,ch,ai,3,chǎi
chai4_FV1_MP3.mp3,0,2,chai4,FV1,ch,ai,4,chài
chai4_FV2_MP3.mp3,0,2,chai4,FV2,ch,ai,4,chài
chai4_FV3_MP3.mp3,0,2,chai4,FV3,ch,ai,4,chài
chai4_MV1_MP3.mp3,0,2,chai4,MV1,ch,ai,4,chài
chai4_MV2_MP3.mp3,0,2,chai4,MV2,ch,ai,4,chài
chai4_MV3_MP3.mp3,0,2,chai4,MV3,ch,ai,4,chài
chan1_FV1_MP3.mp3,0,2,chan1,FV1,ch,an,1,chān
chan1_FV2_MP3.mp3,0,2,chan1,FV2,ch,an,1,chān
chan1_FV3_MP3.mp3,0,2,chan1,FV3,ch,an,1,chān
chan1_MV1_MP3.mp3,0,2,chan1,MV1,ch,an,1,chān
chan1_MV2_MP3.mp3,0,2,chan1,MV2,ch,an,1,chān
chan1_MV3_MP3.mp3,0,2,chan1,MV3,ch,an,1,chān
chan2_FV1_MP3.mp3,0,2,chan2,FV1,ch,an,2,chán
chan2_FV2_MP3.mp3,0,2,chan2,FV2,ch,an,2,chán
chan2_FV3_MP3.mp3,0,2,chan2,FV3,ch,an,2,chán
chan2_MV1_MP3.mp3,0,2,chan2,MV1,ch,an,2,chán
chan2_MV2_MP3.mp3,0,2,chan2,MV2,ch,an,2,chán
chan2_MV3_MP3.mp3,0,2,chan2,MV3,ch,an,2,chán
chan3_FV1_MP3.mp3,0,2,chan3,FV1,ch,an,3,chǎn
chan3_FV2_MP3.mp3,0,2,chan3,FV2,ch,an,3,chǎn
chan3_FV3_MP3.mp3,0,2,chan3,FV3,ch,an,3,chǎn
chan3_MV1_MP3.mp3,0,2,chan3,MV1,ch,an,3,chǎn
chan3_MV2_MP3.mp3,0,2,chan3,MV2,ch,an,3,chǎn
chan3_MV3_MP3.mp3,0,2,chan3,MV3,ch,an,3,chǎn
chan4_FV1_MP3.mp3,0,2,chan4,FV1,ch,an,4,chàn
chan4_FV2_MP3.mp3,0,2,chan4,FV2,ch,an,4,chàn
chan4_FV3_MP3.mp3,0,2,chan4,FV3,ch,an,4,chàn
chan4_MV1_MP3.mp3,0,2,chan4,MV1,ch,an,4,chàn
chan4_MV2_MP3.mp3,0,2,chan4,MV2,ch,an,4,chàn
chan4_MV3_MP3.mp3,0,2,chan4,MV3,ch,an,4,chàn
chang1_FV1_MP3.mp3,0,2,chang1,FV1,ch,ang,1,chāng
chang1_FV2_MP3.mp3,0,2,chang1,FV2,ch,ang,1,chāng
chang1_FV3_MP3.mp3,0,2,chang1,FV3,ch,ang,1,chāng
chang1_MV1_MP3.mp3,0,2,chang1,MV1,ch,ang,1,chāng
chang1_MV2_MP3.mp3,0,2,chang1,MV2,ch,ang,1,chāng
chang1_MV3_MP3.mp3,0,2,chang1,MV3,ch,ang,1,chāng
chang2_FV1_MP3.mp3,0,2,chang2,FV1,ch,ang,2,cháng
chang2_FV2_MP3.mp3,0,2,chang2,FV2,ch,ang,2,cháng
chang2_FV3_MP3.mp3,0,2,chang2,FV3,ch,ang,2,cháng
chang2_MV1_MP3.mp3,0,2,chang2,MV1,ch,ang,2,cháng
chang2_MV2_MP3.mp3,0,2,chang2,MV2,ch,ang,2,cháng
chang2_MV3_MP3.mp3,0,2,chang2,MV3,ch,ang,2,cháng
chang3_FV1_MP3.mp3,0,2,chang3,FV1,ch,ang,3,chǎng
chang3_FV2_MP3.mp3,0,2,chang3,FV2,ch,ang,3,chǎng
chang3_FV3_MP3.mp3,0,2,chang3,FV3,ch,ang,3,chǎng
chang3_MV1_MP3.mp3,0,2,chang3,MV1,ch,ang,3,chǎng
chang3_MV2_MP3.mp3,0,2,chang3,MV2,ch,ang,3,chǎng
chang3_MV3_MP3.mp3,0,2,chang3,MV3,ch,ang,3,chǎng
chang4_FV1_MP3.mp3,0,2,chang4,FV1,ch,ang,4,chàng
chang4_FV2_MP3.mp3,0,2,chang4,FV2,ch,ang,4,chàng
chang4_FV3_MP3.mp3,0,2,chang4,FV3,ch,ang,4,chàng
chang4_MV1_MP3.mp3,0,2,chang4,MV1,ch,ang,4,chàng
chang4_MV2_MP3.mp3,0,2,chang4,MV2,ch,ang,4,chàng
chang4_MV3_MP3.mp3,0,2,chang4,MV3,ch,ang,4,chàng
chao1_FV1_MP3.mp3,0,2,chao1,FV1,ch,ao,1,chāo
chao1_FV2_MP3.mp3,0,2,chao1,FV2,ch,ao,1,chāo
chao1_FV3_MP3.mp3,0,2,chao1,FV3,ch,ao,1,chāo
chao1_MV1_MP3.mp3,0,2,chao1,MV1,ch,ao,1,chāo
chao1_MV2_MP3.mp3,0,2,chao1,MV2,ch,ao,1,chāo
chao1_MV3_MP3.mp3,0,2,chao1,MV3,ch,ao,1,chāo
chao2_FV1_MP3.mp3,0,2,chao2,FV1,ch,ao,2,cháo
chao2_FV2_MP3.mp3,0,2,chao2,FV2,ch,ao,2,cháo
chao2_FV3_MP3.mp3,0,2,chao2,FV3,ch,ao,2,cháo
chao2_MV1_MP3.mp3,0,2,chao2,MV1,ch,ao,2,cháo
chao2_MV2_MP3.mp3,0,2,chao2,MV2,ch,ao,2,cháo
chao2_MV3_MP3.mp3,0,2,chao2,MV3,ch,ao,2,cháo
chao3_FV1_MP3.mp3,0,2,chao3,FV1,ch,ao,3,chǎo
chao3_FV2_MP3.mp3,0,2,chao3,FV2,ch,ao,3,chǎo
chao3_FV3_MP3.mp3,0,2,chao3,FV3,ch,ao,3,chǎo
chao3_MV1_MP3.mp3,0,2,chao3,MV1,ch,ao,3,chǎo
chao3_MV2_MP3.mp3,0,2,chao3,MV2,ch,ao,3,chǎo
chao3_MV3_MP3.mp3,0,2,chao3,MV3,ch,ao,3,chǎo
chao4_FV1_MP3.mp3,0,2,chao4,FV1,ch,ao,4,chào
chao4_FV2_MP3.mp3,0,2,chao4,FV2,ch,ao,4,chào
chao4_FV3_MP3.mp3,0,2,chao4,FV3,ch,ao,4,chào
chao4_MV1_MP3.mp3,0,2,chao4,MV1,ch,ao,4,chào
chao4_MV2_MP3.mp3,0,2,chao4,MV2,ch,ao,4,chào
chao4_MV3_MP3.mp3,0,2,chao4,MV3,ch,ao,4,chào
che1_FV1_MP3.mp3,0,2,che1,FV1,ch,e,1,chē
che1_FV2_MP3.mp3,0,2,che1,FV2,ch,e,1,chē
che1_FV3_MP3.mp3,0,2,che1,FV3,ch,e,1,chē
che1_MV1_MP3.mp3,0,2,che1,MV1,ch,e,1,chē
che1_MV2_MP3.mp3,0,2,che1,MV2,ch,e,1,chē
che1_MV3_MP3.mp3,0,2,che1,MV3,ch,e,1,chē
che2_FV1_MP3.mp3,0,2,che2,FV1,ch,e,2,ché
che2_FV2_MP3.mp3,0,2,che2,FV2,ch,e,2,ché
che2_FV3_MP3.mp3,0,2,che2,FV3,ch,e,2,ché
che2_MV1_MP3.mp3,0,2,che2,MV1,ch,e,2,ché
che2_MV2_MP3.mp3,0,2,che2,MV2,ch,e,2,ché
che2_MV3_MP3.mp3,0,2,che2,MV3,ch,e,2,ché
che3_FV1_MP3.mp3,0,2,che3,FV1,ch,e,3,chě
che3_FV2_MP3.mp3,0,2,che3,FV2,ch,e,3,chě
che3_FV3_MP3.mp3,0,2,che3,FV3,ch,e,3,chě
che3_MV1_MP3.mp3,0,2,che3,MV1,ch,e,3,chě
che3_MV2_MP3.mp3,0,2,che3,MV2,ch,e,3,chě
che3_MV3_MP3.mp3,0,2,che3,MV3,ch,e,3,chě
che4_FV1_MP3.mp3,0,2,che4,FV1,ch,e,4,chè
che4_FV2_MP3.mp3,0,2,che4,FV2,ch,e,4,chè
che4_FV3_MP3.mp3,0,2,che4,FV3,ch,e,4,chè
che4_MV1_MP3.mp3,0,2,che4,MV1,ch,e,4,chè
che4_MV2_MP3.mp3,0,2,che4,MV2,ch,e,4,chè
che4_MV3_MP3.mp3,0,2,che4,MV3,ch,e,4,chè
chen1_FV1_MP3.mp3,0,2,chen1,FV1,ch,en,1,chēn
chen1_FV2_MP3.mp3,0,2,chen1,FV2,ch,en,1,chēn
chen1_FV3_MP3.mp3,0,2,chen1,FV3,ch,en,1,chēn
chen1_MV1_MP3.mp3,0,2,chen1,MV1,ch,en,1,chēn
chen1_MV2_MP3.mp3,0,2,chen1,MV2,ch,en,1,chēn
chen1_MV3_MP3.mp3,0,2,chen1,MV3,ch,en,1,chēn
chen2_FV1_MP3.mp3,0,2,chen2,FV1,ch,en,2,chén
chen2_FV2_MP3.mp3,0,2,chen2,FV2,ch,en,2,chén
chen2_FV3_MP3.mp3,0,2,chen2,FV3,ch,en,2,chén
chen2_MV1_MP3.mp3,0,2,chen2,MV1,ch,en,2,chén
chen2_MV2_MP3.mp3,0,2,chen2,MV2,ch,en,2,chén
chen2_MV3_MP3.mp3,0,2,chen2,MV3,ch,en,2,chén
chen3_FV1_MP3.mp3,0,2,chen3,FV1,ch,en,3,chěn
chen3_FV2_MP3.mp3,0,2,chen3,FV2,ch,en,3,chěn
chen3_FV3_MP3.mp3,0,2,chen3,FV3,ch,en,3,chěn
chen3_MV1_MP3.mp3,0,2,chen3,MV1,ch,en,3,chěn
chen3_MV2_MP3.mp3,0,2,chen3,MV2,ch,en,3,chěn
chen3_MV3_MP3.mp3,0,2,chen3,MV3,ch,en,3,chěn
chen4_FV1_MP3.mp3,0,2,chen4,FV1,ch,en,4,chèn
chen4_FV2_MP3.mp3,0,2,chen4,FV2,ch,en,4,chèn
chen4_FV3_MP3.mp3,0,2,chen4,FV3,ch,en,4,chèn
chen4_MV1_MP3.mp3,0,2,chen4,MV1,ch,en,4,chèn
chen4_MV2_MP3.mp3,0,2,chen4,MV2,ch,en,4,chèn
chen4_MV3_MP3.mp3,0,2,chen4,MV3,ch,en,4,chèn
cheng1_FV1_MP3.mp3,0,2,cheng1,FV1,ch,eng,1,chēng
cheng1_FV2_MP3.mp3,0,2,cheng1,FV2,ch,eng,1,chēng
cheng1_FV3_MP3.mp3,0,2,cheng1,FV3,ch,eng,1,chēng
cheng1_MV1_MP3.mp3,0,2,cheng1,MV1,ch,eng,1,chēng
cheng1_MV2_MP3.mp3,0,2,cheng1,MV2,ch,eng,1,chēng
cheng1_MV3_MP3.mp3,0,2,cheng1,MV3,ch,eng,1,chēng
cheng2_FV1_MP3.mp3,0,2,cheng2,FV1,ch,eng,2,chéng
cheng2_FV2_MP3.mp3,0,2,cheng2,FV2,ch,eng,2,chéng
cheng2_FV3_MP3.mp3,0,2,cheng2,FV3,ch,eng,2,chéng
cheng2_MV1_MP3.mp3,0,2,cheng2,MV1,ch,eng,2,chéng
cheng2_MV2_MP3.mp3,0,2,cheng2,MV2,ch,eng,2,chéng
cheng2_MV3_MP3.mp3,0,2,cheng2,MV3,ch,eng,2,chéng
cheng3_FV1_MP3.mp3,0,2,cheng3,FV1,ch,eng,3,chěng
cheng3_FV2_MP3.mp3,0,2,cheng3,FV2,ch,eng,3,chěng
cheng3_FV3_MP3.mp3,0,2,cheng3,FV3,ch,eng,3,chěng
cheng3_MV1_MP3.mp3,0,2,cheng3,MV1,ch,eng,3,chěng
cheng3_MV2_MP3.mp3,0,2,cheng3,MV2,ch,eng,3,chěng
cheng3_MV3_MP3.mp3,0,2,cheng3,MV3,ch,eng,3,chěng
cheng4_FV1_MP3.mp3,0,2,cheng4,FV1,ch,eng,4,chèng
cheng4_FV2_MP3.mp3,0,2,cheng4,FV2,ch,eng,4,chèng
cheng4_FV3_MP3.mp3,0,2,cheng4,FV3,ch,eng,4,chèng
cheng4_MV1_MP3.mp3,0,2,cheng4,MV1,ch,eng,4,chèng
cheng4_MV2_MP3.mp3,0,2,cheng4,MV2,ch,eng,4,chèng
cheng4_MV3_MP3.mp3,0,2,cheng4,MV3,ch,eng,4,chèng
chi1_FV1_MP3.mp3,0,2,chi1,FV1,ch,i,1,chī
chi1_FV2_MP3.mp3,0,2,chi1,FV2,ch,i,1,chī
chi1_FV3_MP3.mp3,0,2,chi1,FV3,ch,i,1,chī
chi1_MV1_MP3.mp3,0,2,chi1,MV1,ch,i,1,chī
chi1_MV2_MP3.mp3,0,2,chi1,MV2,ch,i,1,chī
chi1_MV3_MP3.mp3,0,2,chi1,MV3,ch,i,1,chī
chi2_FV1_MP3.mp3,0,2,chi2,FV1,ch,i,2,chí
chi2_FV2_MP3.mp3,0,2,chi2,FV2,ch,i,2,chí
chi2_FV3_MP3.mp3,0,2,chi2,FV3,ch,i,2,chí
chi2_MV1_MP3.mp3,0,2,chi2,MV1,ch,i,2,chí
chi2_MV2_MP3.mp3,0,2,chi2,MV2,ch,i,2,chí
chi2_MV3_MP3.mp3,0,2,chi2,MV3,ch,i,2,chí
chi3_FV1_MP3.mp3,0,2,chi3,FV1,ch,i,3,chǐ
chi3_FV2_MP3.mp3,0,2,chi3,FV2,ch,i,3,chǐ
chi3_FV3_MP3.mp3,0,2,chi3,FV3,ch,i,3,chǐ
chi3_MV1_MP3.mp3,0,2,chi3,MV1,ch,i,3,chǐ
chi3_MV2_MP3.mp3,0,2,chi3,MV2,ch,i,3,chǐ
chi3_MV3_MP3.mp3,0,2,chi3,MV3,ch,i,3,chǐ
chi4_FV1_MP3.mp3,0,2,chi4,FV1,ch,i,4,chì
chi4_FV2_MP3.mp3,0,2,chi4,FV2,ch,i,4,chì
chi4_FV3_MP3.mp3,0,2,chi4,FV3,ch,i,4,chì
chi4_MV1_MP3.mp3,0,2,chi4,MV1,ch,i,4,chì
chi4_MV2_MP3.mp3,0,2,chi4,MV2,ch,i,4,chì
chi4_MV3_MP3.mp3,0,2,chi4,MV3,ch,i,4,chì
chong1_FV1_MP3.mp3,0,2,chong1,FV1,ch,ong,1,chōng
chong1_FV2_MP3.mp3,0,2,chong1,FV2,ch,ong,1,chōng
chong1_FV3_MP3.mp3,0,2,chong1,FV3,ch,ong,1,chōng
chong1_MV1_MP3.mp3,0,2,chong1,MV1,ch,ong,1,chōng
chong1_MV2_MP3.mp3,0,2,chong1,MV2,ch,ong,1,chōng
chong1_MV3_MP3.mp3,0,2,chong1,MV3,ch,ong,1,chōng
chong2_FV1_MP3.mp3,0,2,chong2,FV1,ch,ong,2,chóng
chong2_FV2_MP3.mp3,0,2,chong2,FV2,ch,ong,2,chóng
chong2_FV3_MP3.mp3,0,2,chong2,FV3,ch,ong,2,chóng
chong2_MV1_MP3.mp3,0,2,chong2,MV1,ch,ong,2,chóng
chong2_MV2_MP3.mp3,0,2,chong2,MV2,ch,ong,2,chóng
chong2_MV3_MP3.mp3,0,2,chong2,MV3,ch,ong,2,chóng
chong3_FV1_MP3.mp3,0,2,chong3,FV1,ch,ong,3,chǒng
chong3_FV2_MP3.mp3,0,2,chong3,FV2,ch,ong,3,chǒng
chong3_FV3_MP3.mp3,0,2,chong3,FV3,ch,ong,3,chǒng
chong3_MV1_MP3.mp3,0,2,chong3,MV1,ch,ong,3,chǒng
chong3_MV2_MP3.mp3,0,2,chong3,MV2,ch,ong,3,chǒng
chong3_MV3_MP3.mp3,0,2,chong3,MV3,ch,ong,3,chǒng
chong4_FV1_MP3.mp3,0,2,chong4,FV1,ch,ong,4,chòng
chong4_FV2_MP3.mp3,0,2,chong4,FV2,ch,ong,4,chòng
chong4_FV3_MP3.mp3,0,2,chong4,FV3,ch,ong,4,chòng
chong4_MV1_MP3.mp3,0,2,chong4,MV1,ch,ong,4,chòng
chong4_MV2_MP3.mp3,0,2,chong4,MV2,ch,ong,4,chòng
chong4_MV3_MP3.mp3,0,2,chong4,MV3,ch,ong,4,chòng
chou1_FV1_MP3.mp3,0,2,chou1,FV1,ch,ou,1,chōu
chou1_FV2_MP3.mp3,0,2,chou1,FV2,ch,ou,1,chōu
chou1_FV3_MP3.mp3,0,2,chou1,FV3,ch,ou,1,chōu
chou1_MV1_MP3.mp3,0,2,chou1,MV1,ch,ou,1,chōu
chou1_MV2_MP3.mp3,0,2,chou1,MV2,ch,ou,1,chōu
chou1_MV3_MP3.mp3,0,2,chou1,MV3,ch,ou,1,chōu
chou2_FV1_MP3.mp3,0,2,chou2,FV1,ch,ou,2,chóu
chou2_FV2_MP3.mp3,0,2,chou2,FV2,ch,ou,2,chóu
chou2_FV3_MP3.mp3,0,2,chou2,FV3,ch,ou,2,chóu
chou2_MV1_MP3.mp3,0,2,chou2,MV1,ch,ou,2,chóu
chou2_MV2_MP3.mp3,0,2,chou2,MV2,ch,ou,2,chóu
chou2_MV3_MP3.mp3,0,2,chou2,MV3,ch,ou,2,chóu
chou3_FV1_MP3.mp3,0,2,chou3,FV1,ch,ou,3,chǒu
chou3_FV2_MP3.mp3,0,2,chou3,FV2,ch,ou,3,chǒu
chou3_FV3_MP3.mp3,0,2,chou3,FV3,ch,ou,3,chǒu
chou3_MV1_MP3.mp3,0,2,chou3,MV1,ch,ou,3,chǒu
chou3_MV2_MP3.mp3,0,2,chou3,MV2,ch,ou,3,chǒu
chou3_MV3_MP3.mp3,0,2,chou3,MV3,ch,ou,3,chǒu
chou4_FV1_MP3.mp3,0,2,chou4,FV1,ch,ou,4,chòu
chou4_FV2_MP3.mp3,0,2,chou4,FV2,ch,ou,4,chòu
chou4_FV3_MP3.mp3,0,2,chou4,FV3,ch,ou,4,chòu
chou4_MV1_MP3.mp3,0,2,chou4,MV1,ch,ou,4,chòu
chou4_MV2_MP3.mp3,0,2,chou4,MV2,ch,ou,4,chòu
chou4_MV3_MP3.mp3,0,2,chou4,MV3,ch,ou,4,chòu
chui4_FV1_MP3.wav,1,3,chui4,FV1,ch,ui,4,chuì
chui4_FV2_MP3.wav,1,3,chui4,FV2,ch,ui,4,chuì
chui4_FV3_MP3.wav,1,3,chui4,FV3,ch,ui,4,chuì
chui4_MV1_MP3.wav,1,3,chui4,MV1,ch,ui,4,chuì
chui4_MV2_MP3.wav,1,3,chui4,MV2,ch,ui,4,chuì
chui4_MV3_MP3.wav,1,3,chui4,MV3,ch,ui,4,chuì
chun1_FV1_MP3.wav,1,3,chun1,FV1,ch,un,1,chūn
chun1_FV2_MP3.wav,1,3,chun1,FV2,ch,un,1,chūn
chun1_FV3_MP3.wav,1,3,chun1,FV3,ch,un,1,chūn
chun1_MV1_MP3.wav,1,3,chun1,MV1,ch,un,1,chūn
chun1_MV2_MP3.wav,1,3,chun1,MV2,ch,un,1,chūn
chun1_MV3_MP3.wav,1,3,chun1,MV3,ch,un,1,chūn
chun2_FV1_MP3.wav,1,3,chun2,FV1,ch,un,2,chún
chun2_FV2_MP3.wav,1,3,chun2,FV2,ch,un,2,chún
chun2_FV3_MP3.wav,1,3,chun2,FV3,ch,un,2,chún
chun2_MV1_MP3.wav,1,3,chun2,MV1,ch,un,2,chún
chun2_MV2_MP3.wav,1,3,chun2,MV2,ch,un,2,chún
chun2_MV3_MP3.wav,1,3,chun2,MV3,ch,un,2,chún
chun3_FV1_MP3.wav,1,3,chun3,FV1,ch,un,3,chǔn
chun3_FV2_MP3.wav,1,3,chun3,FV2,ch,un,3,chǔn
chun3_FV3_MP3.wav,1,3,chun3,FV3,ch,un,3,chǔn
chun3_MV1_MP3.wav,1,3,chun3,MV1,ch,un,3,chǔn
chun3_MV2_MP3.wav,1,3,chun3,MV2,ch,un,3,chǔn
chun3_MV3_MP3.wav,1,3,chun3,MV3,ch,un,3,chǔn
chun4_FV1_MP3.wav,1,3,chun4,FV1,ch,un,4,chùn
chun4_FV2_MP3.wav,1,3,chun4,FV2,ch,un,4,chùn
chun4_FV3_MP3.wav,1,3,chun4,FV3,ch,un,4,chùn
chun4_MV1_MP3.wav,1,3,chun4,MV1,ch,un,4,chùn
chun4_MV2_MP3.wav,1,3,chun4,MV2,ch,un,4,chùn
chun4_MV3_MP3.wav,1,3,chun4,MV3,ch,un,4,chùn
chuo1_FV1_MP3.wav,1,3,chuo1,FV1,ch,uo,1,chuō
chuo1_FV2_MP3.wav,1,3,chuo1,FV2,ch,uo,1,chuō
chuo1_FV3_MP3.wav,1,3,chuo1,FV3,ch,uo,1,chuō
chuo1_MV1_MP3.wav,1,3,chuo1,MV1,ch,uo,1,chuō
chuo1_MV2_MP3.wav,1,3,chuo1,MV2,ch,uo,1,chuō
chuo1_MV3_MP3.wav,1,3,chuo1,MV3,ch,uo,1,chuō
chuo2_FV1_MP3.wav,1,3,chuo2,FV1,ch,uo,2,chuó
chuo2_FV2_MP3.wav,1,3,chuo2,FV2,ch,uo,2,chuó
chuo2_FV3_MP3.wav,1,3,chuo2,FV3,ch,uo,2,chuó
chuo2_MV1_MP3.wav,1,3,chuo2,MV1,ch,uo,2,chuó
chuo2_MV2_MP3.wav,1,3,chuo2,MV2,ch,uo,2,chuó
chuo2_MV3_MP3.wav,1,3,chuo2,MV3,ch,uo,2,chuó
chuo3_FV1_MP3.wav,1,3,chuo3,FV1,ch,uo,3,chuǒ
chuo3_FV2_MP3.wav,1,3,chuo3,FV2,ch,uo,3,chuǒ
chuo3_FV3_MP3.wav,1,3,chuo3,FV3,ch,uo,3,chuǒ
chuo3_MV1_MP3.wav,1,3,chuo3,MV1,ch,uo,3,chuǒ
chuo3_MV2_MP3.wav,1,3,chuo3,MV2,ch,uo,3,chuǒ
chuo3_MV3_MP3.wav,1,3,chuo3,MV3,ch,uo,3,chuǒ
chuo4_FV1_MP3.wav,1,3,chuo4,FV1,ch,uo,4,chuò
chuo4_FV2_MP3.wav,1,3,chuo4,FV2,ch,uo,4,chuò
chuo4_FV3_MP3.wav,1,3,chuo4,FV3,ch,uo,4,chuò
chuo4_MV1_MP3.wav,1,3,chuo4,MV1,ch,uo,4,chuò
chuo4_MV2_MP3.wav,1,3,chuo4,MV2,ch,uo,4,chuò
chuo4_MV3_MP3.wav,1,3,chuo4,MV3,ch,uo,4,chuò
ci1_FV1_MP3.wav,1,3,ci1,FV1,c,i,1,cī
ci1_FV2_MP3.wav,1,3,ci1,FV2,c,i,1,cī
ci1_FV3_MP3.wav,1,3,ci1,FV3,c,i,1,cī
ci1_MV1_MP3.wav,1,3,ci1,MV1,c,i,1,cī
ci1_MV2_MP3.wav,1,3,ci1,MV2,c,i,1,cī
ci1_MV3_MP3.wav,1,3,ci1,MV3,c,i,1,cī
ci2_FV1_MP3.wav,1,3,ci2,FV1,c,i,2,cí
ci2_FV2_MP3.wav,1,3,ci2,FV2,c,i,2,cí
ci2_FV3_MP3.wav,1,3,ci2,FV3,c,i,2,cí
ci2_MV1_MP3.wav,1,3,ci2,MV1,c,i,2,cí
ci2_MV2_MP3.wav,1,3,ci2,MV2,c,i,2,cí
ci2_MV3_MP3.wav,1,3,ci2,MV3,c,i,2,cí
ci3_FV1_MP3.wav,1,3,ci3,FV1,c,i,3,cǐ
ci3_FV2_MP3.wav,1,3,ci3,FV2,c,i,3,cǐ
ci3_FV3_MP3.wav,1,3,ci3,FV3,c,i,3,cǐ
ci3_MV1_MP3.wav,1,3,ci3,MV1,c,i,3,cǐ
ci3_MV2_MP3.wav,1,3,ci3,MV2,c,i,3,cǐ
ci3_MV3_MP3.wav,1,3,ci3,MV3,c,i,3,cǐ
ci4_FV1_MP3.wav,1,3,ci4,FV1,c,i,4,cì
ci4_FV2_MP3.wav,1,3,ci4,FV2,c,i,4,cì
ci4_FV3_MP3.wav,1,3,ci4,FV3,c,i,4,cì
ci4_MV1_MP3.wav,1,3,ci4,MV1,c,i,4,cì
ci4_MV2_MP3.wav,1,3,ci4,MV2,c,i,4,cì
ci4_MV3_MP3.wav,1,3,ci4,MV3,c,i,4,cì
cong1_FV1_MP3.wav,1,3,cong1,FV1,c,ong,1,cōng
cong1_FV2_MP3.wav,1,3,cong1,FV2,c,ong,1,cōng
cong1_FV3_MP3.wav,1,3,cong1,FV3,c,ong,1,cōng
cong1_MV1_MP3.wav,1,3,cong1,MV1,c,ong,1,cōng
cong1_MV2_MP3.wav,1,3,cong1,MV2,c,ong,1,cōng
cong1_MV3_MP3.wav,1,3,cong1,MV3,c,ong,1,cōng
cong2_FV1_MP3.wav,1,3,cong2,FV1,c,ong,2,cóng
cong2_FV2_MP3.wav,1,3,cong2,FV2,c,ong,2,cóng
cong2_FV3_MP3.wav,1,3,cong2,FV3,c,ong,2,cóng
cong2_MV1_MP3.wav,1,3,cong2,MV1,c,ong,2,cóng
cong2_MV2_MP3.wav,1,3,cong2,MV2,c,ong,2,cóng
cong2_MV3_MP3.wav,1,3,cong2,MV3,c,ong,2,cóng
cong3_FV1_MP3.wav,1,3,cong3,FV1,c,ong,3,cǒng
cong3_FV2_MP3.wav,1,3,cong3,FV2,c,ong,3,cǒng
cong3_FV3_MP3.wav,1,3,cong3,FV3,c,ong,3,cǒng
cong3_MV1_MP3.wav,1,3,cong3,MV1,c,ong,3,cǒng
cong3_MV2_MP3.wav,1,3,cong3,MV2,c,ong,3,cǒng
cong3_MV3_MP3.wav,1,3,cong3,MV3,c,ong,3,cǒng
cong4_FV1_MP3.wav,1,3,cong4,FV1,c,ong,4,còng
cong4_FV2_MP3.wav,1,3,cong4,FV2,c,ong,4,còng
cong4_FV3_MP3.wav,1,3,cong4,FV3,c,ong,4,còng
cong4_MV1_MP3.wav,1,3,cong4,MV1,c,ong,4,còng
cong4_MV2_MP3.wav,1,3,cong4,MV2,c,ong,4,còng
cong4_MV3_MP3.wav,1,3,cong4,MV3,c,ong,4,còng
cou1_FV1_MP3.wav,1,3,cou1,FV1,c,ou,1,cōu
cou1_FV2_MP3.wav,1,3,cou1,FV2,c,ou,1,cōu
cou1_FV3_MP3.wav,1,3,cou1,FV3,c,ou,1,cōu
cou1_MV1_MP3.wav,1,3,cou1,MV1,c,ou,1,cōu
cou1_MV2_MP3.wav,1,3,cou1,MV2,c,ou,1,cōu
cou1_MV3_MP3.wav,1,3,cou1,MV3,c,ou,1,cōu
cou2_FV1_MP3.wav,1,3,cou2,FV1,c,ou,2,cóu
cou2_FV2_MP3.wav,1,3,cou2,FV2,c,ou,2,cóu
cou2_FV3_MP3.wav,1,3,cou2,FV3,c,ou,2,cóu
cou2_MV1_MP3.wav,1,3,cou2,MV1,c,ou,2,cóu
cou2_MV2_MP3.wav,1,3,cou2,MV2,c,ou,2,cóu
cou2_MV3_MP3.wav,1,3,cou2,MV3,c,ou,2,cóu
cou3_FV1_MP3.wav,1,3,cou3,FV1,c,ou,3,cǒu
cou3_FV2_MP3.wav,1,3,cou3,FV2,c,ou,3,cǒu
cou3_FV3_MP3.wav,1,3,cou3,FV3,c,ou,3,cǒu
cou3_MV1_MP3.wav,1,3,cou3,MV1,c,ou,3,cǒu
cou3_MV2_MP3.wav,1,3,cou3,MV2,c,ou,3,cǒu
cou3_MV3_MP3.wav,1,3,cou3,MV3,c,ou,3,cǒu
cou4_FV1_MP3.wav,1,3,cou4,FV1,c,ou,4,còu
cou4_FV2_MP3.wav,1,3,cou4,FV2,c,ou,4,còu
cou4_FV3_MP3.wav,1,3,cou4,FV3,c,ou,4,còu
cou4_MV1_MP3.wav,1,3,cou4,MV1,c,ou,4,còu
cou4_MV2_MP3.wav,1,3,cou4,MV2,c,ou,4,còu
cou4_MV3_MP3.wav,1,3,cou4,MV3,c,ou,4,còu
cu1_FV1_MP3.wav,1,3,cu1,FV1,c,u,1,cū
cu1_FV2_MP3.wav,1,3,cu1,FV2,c,u,1,cū
cu1_FV3_MP3.wav,1,3,cu1,FV3,c,u,1,cū
cu1_MV1_MP3.wav,1,3,cu1,MV1,c,u,1,cū
cu1_MV2_MP3.wav,1,3,cu1,MV2,c,u,1,cū
cu1_MV3_MP3.wav,1,3,cu1,MV3,c,u,1,cū
cu2_FV1_MP3.wav,1,3,cu2,FV1,c,u,2,cú
cu2_FV2_MP3.wav,1,3,cu2,FV2,c,u,2,cú
cu2_FV3_MP3.wav,1,3,cu2,FV3,c,u,2,cú
cu2_MV1_MP3.wav,1,3,cu2,MV1,c,u,2,cú
cu2_MV2_MP3.wav,1,3,cu2,MV2,c,u,2,cú
cu2_MV3_MP3.wav,1,3,cu2,MV3,c,u,2,cú
cu3_FV1_MP3.wav,1,3,cu3,FV1,c,u,3,cǔ
cu3_FV2_MP3.wav,1,3,cu3,FV2,c,u,3,cǔ
cu3_FV3_MP3.wav,1,3,cu3,FV3,c,u,3,cǔ
cu3_MV1_MP3.wav,1,3,cu3,MV1,c,u,3,cǔ
cu3_MV2_MP3.wav,1,3,cu3,MV2,c,u,3,cǔ
cu3_MV3_MP3.wav,1,3,cu3,MV3,c,u,3,cǔ
cu4_FV1_MP3.wav,1,3,cu4,FV1,c,u,4,cù
cu4_FV2_MP3.wav,1,3,cu4,FV2,c,u,4,cù
cu4_FV3_MP3.wav,1,3,cu4,FV3,c,u,4,cù
cu4_MV1_MP3.wav,1,3,cu4,MV1,c,u,4,cù
cu4_MV2_MP3.wav,1,3,cu4,MV2,c,u,4,cù
cu4_MV3_MP3.wav,1,3,cu4,MV3,c,u,4,cù
cuan1_FV1_MP3.wav,1,3,cuan1,FV1,c,uan,1,cuān
cuan1_FV2_MP3.wav,1,3,cuan1,FV2,c,uan,1,cuān
cuan1_FV3_MP3.wav,1,3,cuan1,FV3,c,uan,1,cuān
cuan1_MV1_MP3.wav,1,3,cuan1,MV1,c,uan,1,cuān
cuan1_MV2_MP3.wav,1,3,cuan1,MV2,c,uan,1,cuān
cuan1_MV3_MP3.wav,1,3,cuan1,MV3,c,uan,1,cuān
cuan2_FV1_MP3.wav,1,3,cuan2,FV1,c,uan,2,cuán
cuan2_FV2_MP3.wav,1,3,cuan2,FV2,c,uan,2,cuán
cuan2_FV3_MP3.wav,1,3,cuan2,FV3,c,uan,2,cuán
cuan2_MV1_MP3.wav,1,3,cuan2,MV1,c,uan,2,cuán
cuan2_MV2_MP3.wav,1,3,cuan2,MV2,c,uan,2,cuán
cuan2_MV3_MP3.wav,1,3,cuan2,MV3,c,uan,2,cuán
cuan3_FV1_MP3.wav,1,3,cuan3,FV1,c,uan,3,cuǎn
cuan3_FV2_MP3.wav,1,3,cuan3,FV2,c,uan,3,cuǎn
cuan3_FV3_MP3.wav,1,3,cuan3,FV3,c,uan,3,cuǎn
cuan3_MV1_MP3.wav,1,3,cuan3,MV1,c,uan,3,cuǎn
cuan3_MV2_MP3.wav,1,3,cuan3,MV2,c,uan,3,cuǎn
cuan3_MV3_MP3.wav,1,3,cuan3,MV3,c,uan,3,cuǎn
cuan4_FV1_MP3.wav,1,3,cuan4,FV1,c,uan,4,cuàn
cuan4_FV2_MP3.wav,1,3,cuan4,FV2,c,uan,4,cuàn
cuan4_FV3_MP3.wav,1,3,cuan4,FV3,c,uan,4,cuàn
cuan4_MV1_MP3.wav,1,3,cuan4,MV1,c,uan,4,cuàn
cuan4_MV2_MP3.wav,1,3,cuan4,MV2,c,uan,4,cuàn
cuan4_MV3_MP3.wav,1,3,cuan4,MV3,c,uan,4,cuàn
cui1_FV1_MP3.wav,1,3,cui1,FV1,c,ui,1,cuī
cui1_FV2_MP3.wav,1,3,cui1,FV2,c,ui,1,cuī
cui1_FV3_MP3.wav,1,3,cui1,FV3,c,ui,1,cuī
cui1_MV1_MP3.wav,1,3,cui1,MV1,c,ui,1,cuī
cui1_MV2_MP3.wav,1,3,cui1,MV2,c,ui,1,cuī
cui1_MV3_MP3.wav,1,3,cui1,MV3,c,ui,1,cuī
cui2_FV1_MP3.wav,1,3,cui2,FV1,c,ui,2,cuí
cui2_FV2_MP3.wav,1,3,cui2,FV2,c,ui,2,cuí
cui2_FV3_MP3.wav,1,3,cui2,FV3,c,ui,2,cuí
cui2_MV1_MP3.wav,1,3,cui2,MV1,c,ui,2,cuí
cui2_MV2_MP3.wav,1,3,cui2,MV2,c,ui,2,cuí
cui2_MV3_MP3.wav,1,3,cui2,MV3,c,ui,2,cuí
cui3_FV1_MP3.wav,1,3,cui3,FV1,c,ui,3,cuǐ
cui3_FV2_MP3.wav,1,3,cui3,FV2,c,ui,3,cuǐ
cui3_FV3_MP3.wav,1,3,cui3,FV3,c,ui,3,cuǐ
cui3_MV1_MP3.wav,1,3,cui3,MV1,c,ui,3,cuǐ
cui3_MV2_MP3.wav,1,3,cui3,MV2,c,ui,3,cuǐ
cui3_MV3_MP3.wav,1,3,cui3,MV3,c,ui,3,cuǐ
cui4_FV1_MP3.wav,1,3,cui4,FV1,c,ui,4,cuì
cui4_FV2_MP3.wav,1,3,cui4,FV2,c,ui,4,cuì
cui4_FV3_MP3.wav,1,3,cui4,FV3,c,ui,4,cuì
cui4_MV1_MP3.wav,1,3,cui4,MV1,c,ui,4,cuì
cui4_MV2_MP3.wav,1,3,cui4,MV2,c,ui,4,cuì
cui4_MV3_MP3.wav,1,3,cui4,MV3,c,ui,4,cuì
cun1_FV1_MP3.wav,1,3,cun1,FV1,c,un,1,cūn
cun1_FV2_MP3.wav,1,3,cun1,FV2,c,un,1,cūn
cun1_FV3_MP3.wav,1,3,cun1,FV3,c,un,1,cūn
cun1_MV1_MP3.wav,1,3,cun1,MV1,c,un,1,cūn
cun1_MV2_MP3.wav,1,3,cun1,MV2,c,un,1,cūn
cun1_MV3_MP3.wav,1,3,cun1,MV3,c,un,1,cūn
cun2_FV1_MP3.wav,1,3,cun2,FV1,c,un,2,cún
cun2_FV2_MP3.wav,1,3,cun2,FV2,c,un,2,cún
cun2_FV3_MP3.wav,1,3,cun2,FV3,c,un,2,cún
cun2_MV1_MP3.wav,1,3,cun2,MV1,c,un,2,cún
cun2_MV2_MP3.wav,1,3,cun2,MV2,c,un,2,cún
cun2_MV3_MP3.wav,1,3,cun2,MV3,c,un,2,cún
cun3_FV1_MP3.wav,1,3,cun3,FV1,c,un,3,cǔn
cun3_FV2_MP3.wav,1,3,cun3,FV2,c,un,3,cǔn
cun3_FV3_MP3.wav,1,3,cun3,FV3,c,un,3,cǔn
cun3_MV1_MP3.wav,1,3,cun3,MV1,c,un,3,cǔn
cun3_MV2_MP3.wav,1,3,cun3,MV2,c,un,3,cǔn
cun3_MV3_MP3.wav,1,3,cun3,MV3,c,un,3,cǔn
cun4_FV1_MP3.wav,1,3,cun4,FV1,c,un,4,cùn
cun4_FV2_MP3.wav,1,3,cun4,FV2,c,un,4,cùn
cun4_FV3_MP3.wav,1,3,cun4,FV3,c,un,4,cùn
cun4_MV1_MP3.wav,1,3,cun4,MV1,c,un,4,cùn
cun4_MV2_MP3.wav,1,3,cun4,MV2,c,un,4,cùn
cun4_MV3_MP3.wav,1,3,cun4,MV3,c,un,4,cùn
cuo1_FV1_MP3.wav,1,3,cuo1,FV1,c,uo,1,cuō
cuo1_FV2_MP3.wav,1,3,cuo1,FV2,c,uo,1,cuō
cuo1_FV3_MP3.wav,1,3,cuo1,FV3,c,uo,1,cuō
cuo1_MV1_MP3.wav,1,3,cuo1,MV1,c,uo,1,cuō
cuo1_MV2_MP3.wav,1,3,cuo1,MV2,c,uo,1,cuō
cuo1_MV3_MP3.wav,1,3,cuo1,MV3,c,uo,1,cuō
cuo2_FV1_MP3.wav,1,3,cuo2,FV1,c,uo,2,cuó
cuo2_FV2_MP3.wav,1,3,cuo2,FV2,c,uo,2,cuó
cuo2_FV3_MP3.wav,1,3,cuo2,FV3,c,uo,2,cuó
cuo2_MV1_MP3.wav,1,3,cuo2,MV1,c,uo,2,cuó
cuo2_MV2_MP3.wav,1,3,cuo2,MV2,c,uo,2,cuó
cuo2_MV3_MP3.wav,1,3,cuo2,MV3,c,uo,2,cuó
cuo3_FV1_MP3.wav,1,3,cuo3,FV1,c,uo,3,cuǒ
cuo3_FV2_MP3.wav,1,3,cuo3,FV2,c,uo,3,cuǒ
cuo3_FV3_MP3.wav,1,3,cuo3,FV3,c,uo,3,cuǒ
cuo3_MV1_MP3.wav,1,3,cuo3,MV1,c,uo,3,cuǒ
cuo3_MV2_MP3.wav,1,3,cuo3,MV2,c,uo,3,cuǒ
cuo3_MV3_MP3.wav,1,3,cuo3,MV3,c,uo,3,cuǒ
cuo4_FV1_MP3.wav,1,3,cuo4,FV1,c,uo,4,cuò
cuo4_FV2_MP3.wav,1,3,cuo4,FV2,c,uo,4,cuò
cuo4_FV3_MP3.wav,1,3,cuo4,FV3,c,uo,4,cuò
cuo4_MV1_MP3.wav,1,3,cuo4,MV1,c,uo,4,cuò
cuo4_MV2_MP3.wav,1,3,cuo4,MV2,c,uo,4,cuò
cuo4_MV3_MP3.wav,1,3,cuo4,MV3,c,uo,4,cuò
da1_FV1_MP3.wav,1,3,da1,FV1,d,a,1,dā
da1_FV2_MP3.wav,1,3,da1,FV2,d,a,1,dā
da1_FV3_MP3.wav,1,3,da1,FV3,d,a,1,dā
da1_MV1_MP3.wav,1,3,da1,MV1,d,a,1,dā
da1_MV2_MP3.wav,1,3,da1,MV2,d,a,1,dā
da1_MV3_MP3.wav,1,3,da1,MV3,d,a,1,dā
da2_FV1_MP3.wav,1,3,da2,FV1,d,a,2,dá
da2_FV2_MP3.wav,1,3,da2,FV2,d,a,2,dá
da2_FV3_MP3.wav,1,3,da2,FV3,d,a,2,dá
da2_MV1_MP3.wav,1,3,da2,MV1,d,a,2,dá
da2_MV2_MP3.wav,1,3,da2,MV2,d,a,2,dá
da2_MV3_MP3.wav,1,3,da2,MV3,d,a,2,dá
da3_FV1_MP3.wav,1,3,da3,FV1,d,a,3,dǎ
da3_FV2_MP3.wav,1,3,da3,FV2,d,a,3,dǎ
da3_FV3_MP3.wav,1,3,da3,FV3,d,a,3,dǎ
da3_MV1_MP3.wav,1,3,da3,MV1,d,a,3,dǎ
da3_MV2_MP3.wav,1,3,da3,MV2,d,a,3,dǎ
da3_MV3_MP3.wav,1,3,da3,MV3,d,a,3,dǎ
da4_FV1_MP3.wav,1,3,da4,FV1,d,a,4,dà
da4_FV2_MP3.wav,1,3,da4,FV2,d,a,4,dà
da4_FV3_MP3.wav,1,3,da4,FV3,d,a,4,dà
da4_MV1_MP3.wav,1,3,da4,MV1,d,a,4,dà
da4_MV2_MP3.wav,1,3,da4,MV2,d,a,4,dà
da4_MV3_MP3.wav,1,3,da4,MV3,d,a,4,dà
dai1_FV1_MP3.wav,1,3,dai1,FV1,d,ai,1,dāi
dai1_FV2_MP3.wav,1,3,dai1,FV2,d,ai,1,dāi
dai1_FV3_MP3.wav,1,3,dai1,FV3,d,ai,1,dāi
dai1_MV1_MP3.wav,1,3,dai1,MV1,d,ai,1,dāi
dai1_MV2_MP3.wav,1,3,dai1,MV2,d,ai,1,dāi
dai1_MV3_MP3.wav,1,3,dai1,MV3,d,ai,1,dāi
dai2_FV1_MP3.wav,1,3,dai2,FV1,d,ai,2,dái
dai2_FV2_MP3.wav,1,3,dai2,FV2,d,ai,2,dái
dai2_FV3_MP3.wav,1,3,dai2,FV3,d,ai,2,dái
dai2_MV1_MP3.wav,1,3,dai2,MV1,d,ai,2,dái
dai2_MV2_MP3.wav,1,3,dai2,MV2,d,ai,2,dái
dai2_MV3_MP3.wav,1,3,dai2,MV3,d,ai,2,dái
dai3_FV1_MP3.wav,1,3,dai3,FV1,d,ai,3,dǎi
dai3_FV2_MP3.wav,1,3,dai3,FV2,d,ai,3,dǎi
dai3_FV3_MP3.wav,1,3,dai3,FV3,d,ai,3,dǎi
dai3_MV1_MP3.wav,1,3,dai3,MV1,d,ai,3,dǎi
dai3_MV2_MP3.wav,1,3,dai3,MV2,d,ai,3,dǎi
dai3_MV3_MP3.wav,1,3,dai3,MV3,d,ai,3,dǎi
dai4_FV1_MP3.wav,1,3,dai4,FV1,d,ai,4,dài
dai4_FV2_MP3.wav,1,3,dai4,FV2,d,ai,4,dài
dai4_FV3_MP3.wav,1,3,dai4,FV3,d,ai,4,dài
dai4_MV1_MP3.wav,1,3,dai4,MV1,d,ai,4,dài
dai4_MV2_MP3.wav,1,3,dai4,MV2,d,ai,4,dài
dai4_MV3_MP3.wav,1,3,dai4,MV3,d,ai,4,dài
dan1_FV1_MP3.wav,1,3,dan1,FV1,d,an,1,dān
dan1_FV2_MP3.wav,1,3,dan1,FV2,d,an,1,dān
dan1_FV3_MP3.wav,1,3,dan1,FV3,d,an,1,dān
dan1_MV1_MP3.wav,1,3,dan1,MV1,d,an,1,dān
dan1_MV2_MP3.wav,1,3,dan1,MV2,d,an,1,dān
dan1_MV3_MP3.wav,1,3,dan1,MV3,d,an,1,dān
dan2_FV1_MP3.wav,1,3,dan2,FV1,d,an,2,dán
dan2_FV2_MP3.wav,1,3,dan2,FV2,d,an,2,dán
dan2_FV3_MP3.wav,1,3,dan2,FV3,d,an,2,dán
dan2_MV1_MP3.wav,1,3,dan2,MV1,d,an,2,dán
dan2_MV2_MP3.wav,1,3,dan2,MV2,d,an,2,dán
dan2_MV3_MP3.wav,1,3,dan2,MV3,d,an,2,dán
dan3_FV1_MP3.wav,1,3,dan3,FV1,d,an,3,dǎn
dan3_FV2_MP3.wav,1,3,dan3,FV2,d,an,3,dǎn
dan3_FV3_MP3.wav,1,3,dan3,FV3,d,an,3,dǎn
dan3_MV1_MP3.wav,1,3,dan3,MV1,d,an,3,dǎn
dan3_MV2_MP3.wav,1,3,dan3,MV2,d,an,3,dǎn
dan3_MV3_MP3.wav,1,3,dan3,MV3,d,an,3,dǎn
dan4_FV1_MP3.wav,1,3,dan4,FV1,d,an,4,dàn
dan4_FV2_MP3.wav,1,3,dan4,FV2,d,an,4,dàn
dan4_FV3_MP3.wav,1,3,dan4,FV3,d,an,4,dàn
dan4_MV1_MP3.wav,1,3,dan4,MV1,d,an,4,dàn
dan4_MV2_MP3.wav,1,3,dan4,MV2,d,an,4,dàn
dan4_MV3_MP3.wav,1,3,dan4,MV3,d,an,4,dàn
dang1_FV1_MP3.wav,1,3,dang1,FV1,d,ang,1,dāng
dang1_FV2_MP3.wav,1,3,dang1,FV2,d,ang,1,dāng
dang1_FV3_MP3.wav,1,3,dang1,FV3,d,ang,1,dāng
dang1_MV1_MP3.wav,1,3,dang1,MV1,d,ang,1,dāng
dang1_MV2_MP3.wav,1,3,dang1,MV2,d,ang,1,dāng
dang1_MV3_MP3.wav,1,3,dang1,MV3,d,ang,1,dāng
dang2_FV1_MP3.wav,1,3,dang2,FV1,d,ang,2,dáng
dang2_FV2_MP3.wav,1,3,dang2,FV2,d,ang,2,dáng
dang2_FV3_MP3.wav,1,3,dang2,FV3,d,ang,2,dáng
dang2_MV1_MP3.wav,1,3,dang2,MV1,d,ang,2,dáng
dang2_MV2_MP3.wav,1,3,dang2,MV2,d,ang,2,dáng
dang2_MV3_MP3.wav,1,3,dang2,MV3,d,ang,2,dáng
dang3_FV1_MP3.wav,1,3,dang3,FV1,d,ang,3,dǎng
dang3_FV2_MP3.wav,1,3,dang3,FV2,d,ang,3,dǎng
dang3_FV3_MP3.wav,1,3,dang3,FV3,d,ang,3,dǎng
dang3_MV1_MP3.wav,1,3,dang3,MV1,d,ang,3,dǎng
dang3_MV2_MP3.wav,1,3,dang3,MV2,d,ang,3,dǎng
dang3_MV3_MP3.wav,1,3,dang3,MV3,d,ang,3,dǎng
dang4_FV1_MP3.wav,1,3,dang4,FV1,d,ang,4,dàng
dang4_FV2_MP3.wav,1,3,dang4,FV2,d,ang,4,dàng
dang4_FV3_MP3.wav,1,3,dang4,FV3,d,ang,4,dàng
dang4_MV1_MP3.wav,1,3,dang4,MV1,d,ang,4,dàng
dang4_MV2_MP3.wav,1,3,dang4,MV2,d,ang,4,dàng
dang4_MV3_MP3.wav,1,3,dang4,MV3,d,ang,4,dàng
dao1_FV1_MP3.wav,1,3,dao1,FV1,d,ao,1,dāo
dao1_FV2_MP3.wav,1,3,dao1,FV2,d,ao,1,dāo
dao1_FV3_MP3.wav,1,3,dao1,FV3,d,ao,1,dāo
dao1_MV1_MP3.wav,1,3,dao1,MV1,d,ao,1,dāo
dao1_MV2_MP3.wav,1,3,dao1,MV2,d,ao,1,dāo
dao1_MV3_MP3.wav,1,3,dao1,MV3,d,ao,1,dāo
dao2_FV1_MP3.wav,1,3,dao2,FV1,d,ao,2,dáo
dao2_FV2_MP3.wav,1,3,dao2,FV2,d,ao,2,dáo
dao2_FV3_MP3.wav,1,3,dao2,FV3,d,ao,2,dáo
dao2_MV1_MP3.wav,1,3,dao2,MV1,d,ao,2,dáo
dao2_MV2_MP3.wav,1,3,dao2,MV2,d,ao,2,dáo
dao2_MV3_MP3.wav,1,3,dao2,MV3,d,ao,2,dáo
dao3_FV1_MP3.wav,1,3,dao3,FV1,d,ao,3,dǎo
dao3_FV2_MP3.wav,1,3,dao3,FV2,d,ao,3,dǎo
dao3_FV3_MP3.wav,1,3,dao3,FV3,d,ao,3,dǎo
dao3_MV1_MP3.wav,1,3,dao3,MV1,d,ao,3,dǎo
dao3_MV2_MP3.wav,1,3,dao3,MV2,d,ao,3,dǎo
dao3_MV3_MP3.wav,1,3,dao3,MV3,d,ao,3,dǎo
dao4_FV1_MP3.wav,1,3,dao4,FV1,d,ao,4,dào
dao4_FV2_MP3.wav,1,3,dao4,FV2,d,ao,4,dào
dao4_FV3_MP3.wav,1,3,dao4,FV3,d,ao,4,dào
dao4_MV1_MP3.wav,1,3,dao4,MV1,d,ao,4,dào
dao4_MV2_MP3.wav,1,3,dao4,MV2,d,ao,4,dào
dao4_MV3_MP3.wav,1,3,dao4,MV3,d,ao,4,dào
de1_FV1_MP3.wav,1,3,de1,FV1,d,e,1,dē
de1_FV2_MP3.wav,1,3,de1,FV2,d,e,1,dē
de1_FV3_MP3.wav,1,3,de1,FV3,d,e,1,dē
de1_MV1_MP3.wav,1,3,de1,MV1,d,e,1,dē
de1_MV2_MP3.wav,1,3,de1,MV2,d,e,1,dē
de1_MV3_MP3.wav,1,3,de1,MV3,d,e,1,dē
de2_FV1_MP3.wav,1,3,de2,FV1,d,e,2,dé
de2_FV2_MP3.wav,1,3,de2,FV2,d,e,2,dé
de2_FV3_MP3.wav,1,3,de2,FV3,d,e,2,dé
de2_MV1_MP3.wav,1,3,de2,MV1,d,e,2,dé
de2_MV2_MP3.wav,1,3,de2,MV2,d,e,2,dé
de2_MV3_MP3.wav,1,3,de2,MV3,d,e,2,dé
de3_FV1_MP3.wav,1,3,de3,FV1,d,e,3,dě
de3_FV2_MP3.wav,1,3,de3,FV2,d,e,3,dě
de3_FV3_MP3.wav,1,3,de3,FV3,d,e,3,dě
de3_MV1_MP3.wav,1,3,de3,MV1,d,e,3,dě
de3_MV2_MP3.wav,1,3,de3,MV2,d,e,3,dě
de3_MV3_MP3.wav,1,3,de3,MV3,d,e,3,dě
de4_FV1_MP3.wav,1,3,de4,FV1,d,e,4,dè
de4_FV2_MP3.wav,1,3,de4,FV2,d,e,4,dè
de4_FV3_MP3.wav,1,3,de4,FV3,d,e,4,dè
de4_MV1_MP3.wav,1,3,de4,MV1,d,e,4,dè
de4_MV2_MP3.wav,1,3,de4,MV2,d,e,4,dè
de4_MV3_MP3.wav,1,3,de4,MV3,d,e,4,dè
dei1_FV1_MP3.wav,1,3,dei1,FV1,d,ei,1,dēi
dei1_FV2_MP3.wav,1,3,dei1,FV2,d,ei,1,dēi
dei1_FV3_MP3.wav,1,3,dei1,FV3,d,ei,1,dēi
dei1_MV1_MP3.wav,1,3,dei1,MV1,d,ei,1,dēi
dei1_MV2_MP3.wav,1,3,dei1,MV2,d,ei,1,dēi
dei1_MV3_MP3.wav,1,3,dei1,MV3,d,ei,1,dēi
dei2_FV1_MP3.wav,1,3,dei2,FV1,d,ei,2,déi
dei2_FV2_MP3.wav,1,3,dei2,FV2,d,ei,2,déi
dei2_FV3_MP3.wav,1,3,dei2,FV3,d,ei,2,déi
dei2_MV1_MP3.wav,1,3,dei2,MV1,d,ei,2,déi
dei2_MV2_MP3.wav,1,3,dei2,MV2,d,ei,2,déi
dei2_MV3_MP3.wav,1,3,dei2,MV3,d,ei,2,déi
dei3_FV1_MP3.wav,1,3,dei3,FV1,d,ei,3,děi
dei3_FV2_MP3.wav,1,3,dei3,FV2,d,ei,3,děi
dei3_FV3_MP3.wav,1,3,dei3,FV3,d,ei,3,děi
dei3_MV1_MP3.wav,1,3,dei3,MV1,d,ei,3,děi
dei3_MV2_MP3.wav,1,3,dei3,MV2,d,ei,3,děi
dei3_MV3_MP3.wav,1,3,dei3,MV3,d,ei,3,děi
dei4_FV1_MP3.wav,1,3,dei4,FV1,d,ei,4,dèi
dei4_FV2_MP3.wav,1,3,dei4,FV2,d,ei,4,dèi
dei4_FV3_MP3.wav,1,3,dei4,FV3,d,ei,4,dèi
dei4_MV1_MP3.wav,1,3,dei4,MV1,d,ei,4,dèi
dei4_MV2_MP3.wav,1,3,dei4,MV2,d,ei,4,dèi
dei4_MV3_MP3.wav,1,3,dei4,MV3,d,ei,4,dèi
den1_FV1_MP3.wav,1,3,den1,FV1,d,en,1,dēn
den1_FV2_MP3.wav,1,3,den1,FV2,d,en,1,dēn
den1_FV3_MP3.wav,1,3,den1,FV3,d,en,1,dēn
den1_MV1_MP3.wav,1,3,den1,MV1,d,en,1,dēn
den1_MV2_MP3.wav,1,3,den1,MV2,d,en,1,dēn
den1_MV3_MP3.wav,1,3,den1,MV3,d,en,1,dēn
den2_FV1_MP3.wav,1,3,den2,FV1,d,en,2,dén
den2_FV2_MP3.wav,1,3,den2,FV2,d,en,2,dén
den2_FV3_MP3.wav,1,3,den2,FV3,d,en,2,dén
den2_MV1_MP3.wav,1,3,den2,MV1,d,en,2,dén
den2_MV2_MP3.wav,1,3,den2,MV2,d,en,2,dén
den2_MV3_MP3.wav,1,3,den2,MV3,d,en,2,dén
den3_FV1_MP3.wav,1,3,den3,FV1,d,en,3,děn
den3_FV2_MP3.wav,1,3,den3,FV2,d,en,3,děn
den3_FV3_MP3.wav,1,3,den3,FV3,d,en,3,děn
den3_MV1_MP3.wav,1,3,den3,MV1,d,en,3,děn
den3_MV2_MP3.wav,1,3,den3,MV2,d,en,3,děn
den3_MV3_MP3.wav,1,3,den3,MV3,d,en,3,děn
den4_FV1_MP3.wav,1,3,den4,FV1,d,en,4,dèn
den4_FV2_MP3.wav,1,3,den4,FV2,d,en,4,dèn
den4_FV3_MP3.wav,1,3,den4,FV3,d,en,4,dèn
den4_MV1_MP3.wav,1,3,den4,MV1,d,en,4,dèn
den4_MV2_MP3.wav,1,3,den4,MV2,d,en,4,dèn
den4_MV3_MP3.wav,1,3,den4,MV3,d,en,4,dèn
deng1_FV1_MP3.wav,1,3,deng1,FV1,d,eng,1,dēng
deng1_FV2_MP3.wav,1,3,deng1,FV2,d,eng,1,dēng
deng1_FV3_MP3.wav,1,3,deng1,FV3,d,eng,1,dēng
deng1_MV1_MP3.wav,1,3,deng1,MV1,d,eng,1,dēng
deng1_MV2_MP3.wav,1,3,deng1,MV2,d,eng,1,dēng
deng1_MV3_MP3.wav,1,3,deng1,MV3,d,eng,1,dēng
deng2_FV1_MP3.wav,1,3,deng2,FV1,d,eng,2,déng
deng2_FV2_MP3.wav,1,3,deng2,FV2,d,eng,2,déng
deng2_FV3_MP3.wav,1,3,deng2,FV3,d,eng,2,déng
deng2_MV1_MP3.wav,1,3,deng2,MV1,d,eng,2,déng
deng2_MV2_MP3.wav,1,3,deng2,MV2,d,eng,2,déng
deng2_MV3_MP3.wav,1,3,deng2,MV3,d,eng,2,déng
deng3_FV1_MP3.wav,1,3,deng3,FV1,d,eng,3,děng
deng3_FV2_MP3.wav,1,3,deng3,FV2,d,eng,3,děng
deng3_FV3_MP3.wav,1,3,deng3,FV3,d,eng,3,děng
deng3_MV1_MP3.wav,1,3,deng3,MV1,d,eng,3,děng
deng3_MV2_MP3.wav,1,3,deng3,MV2,d,eng,3,děng
deng3_MV3_MP3.wav,1,3,deng3,MV3,d,eng,3,děng
deng4_FV1_MP3.wav,1,3,deng4,FV1,d,eng,4,dèng
deng4_FV2_MP3.wav,1,3,deng4,FV2,d,eng,4,dèng
deng4_FV3_MP3.wav,1,3,deng4,FV3,d,eng,4,dèng
deng4_MV1_MP3.wav,1,3,deng4,MV1,d,eng,4,dèng
deng4_MV2_MP3.wav,1,3,deng4,MV2,d,eng,4,dèng
deng4_MV3_MP3.wav,1,3,deng4,MV3,d,eng,4,dèng
di1_FV1_MP3.wav,1,3,di1,FV1,d,i,1,dī
di1_FV2_MP3.wav,1,3,di1,FV2,d,i,1,dī
di1_FV3_MP3.wav,1,3,di1,FV3,d,i,1,dī
di1_MV1_MP3.wav,1,3,di1,MV1,d,i,1,dī
di1_MV2_MP3.wav,1,3,di1,MV2,d,i,1,dī
di1_MV3_MP3.wav,1,3,di1,MV3,d,i,1,dī
di2_FV1_MP3.wav,1,3,di2,FV1,d,i,2,dí
di2_FV2_MP3.wav,1,3,di2,FV2,d,i,2,dí
di2_FV3_MP3.wav,1,3,di2,FV3,d,i,2,dí
di2_MV1_MP3.wav,1,3,di2,MV1,d,i,2,dí
di2_MV2_MP3.wav,1,3,di2,MV2,d,i,2,dí
di2_MV3_MP3.wav,1,3,di2,MV3,d,i,2,dí
di3_FV1_MP3.wav,1,3,di3,FV1,d,i,3,dǐ
di3_FV2_MP3.wav,1,3,di3,FV2,d,i,3,dǐ
di3_FV3_MP3.wav,1,3,di3,FV3,d,i,3,dǐ
di3_MV1_MP3.wav,1,3,di3,MV1,d,i,3,dǐ
di3_MV2_MP3.wav,1,3,di3,MV2,d,i,3,dǐ
di3_MV3_MP3.wav,1,3,di3,MV3,d,i,3,dǐ
chu1_FV1_MP3.wav,1,4,chu1,FV1,ch,u,1,chū
chu1_FV2_MP3.wav,1,4,chu1,FV2,ch,u,1,chū
chu1_FV3_MP3.wav,1,4,chu1,FV3,ch,u,1,chū
chu1_MV1_MP3.wav,1,4,chu1,MV1,ch,u,1,chū
chu1_MV2_MP3.wav,1,4,chu1,MV2,ch,u,1,chū
chu1_MV3_MP3.wav,1,4,chu1,MV3,ch,u,1,chū
chu2_FV1_MP3.wav,1,4,chu2,FV1,ch,u,2,chú
chu2_FV2_MP3.wav,1,4,chu2,FV2,ch,u,2,chú
chu2_FV3_MP3.wav,1,4,chu2,FV3,ch,u,2,chú
chu2_MV1_MP3.wav,1,4,chu2,MV1,ch,u,2,chú
chu2_MV2_MP3.wav,1,4,chu2,MV2,ch,u,2,chú
chu2_MV3_MP3.wav,1,4,chu2,MV3,ch,u,2,chú
chu3_FV1_MP3.wav,1,4,chu3,FV1,ch,u,3,chǔ
chu3_FV2_MP3.wav,1,4,chu3,FV2,ch,u,3,chǔ
chu3_FV3_MP3.wav,1,4,chu3,FV3,ch,u,3,chǔ
chu3_MV1_MP3.wav,1,4,chu3,MV1,ch,u,3,chǔ
chu3_MV2_MP3.wav,1,4,chu3,MV2,ch,u,3,chǔ
chu3_MV3_MP3.wav,1,4,chu3,MV3,ch,u,3,chǔ
chu4_FV1_MP3.wav,1,4,chu4,FV1,ch,u,4,chù
chu4_FV2_MP3.wav,1,4,chu4,FV2,ch,u,4,chù
chu4_FV3_MP3.wav,1,4,chu4,FV3,ch,u,4,chù
chu4_MV1_MP3.wav,1,4,chu4,MV1,ch,u,4,chù
chu4_MV2_MP3.wav,1,4,chu4,MV2,ch,u,4,chù
chu4_MV3_MP3.wav,1,4,chu4,MV3,ch,u,4,chù
chua1_FV1_MP3.wav,1,4,chua1,FV1,ch,ua,1,chuā
chua1_FV2_MP3.wav,1,4,chua1,FV2,ch,ua,1,chuā
chua1_FV3_MP3.wav,1,4,chua1,FV3,ch,ua,1,chuā
chua1_MV1_MP3.wav,1,4,chua1,MV1,ch,ua,1,chuā
chua1_MV2_MP3.wav,1,4,chua1,MV2,ch,ua,1,chuā
chua1_MV3_MP3.wav,1,4,chua1,MV3,ch,ua,1,chuā
chua2_FV1_MP3.wav,1,4,chua2,FV1,ch,ua,2,chuá
chua2_FV2_MP3.wav,1,4,chua2,FV2,ch,ua,2,chuá
chua2_FV3_MP3.wav,1,4,chua2,FV3,ch,ua,2,chuá
chua2_MV1_MP3.wav,1,4,chua2,MV1,ch,ua,2,chuá
chua2_MV2_MP3.wav,1,4,chua2,MV2,ch,ua,2,chuá
chua2_MV3_MP3.wav,1,4,chua2,MV3,ch,ua,2,chuá
chua3_FV1_MP3.wav,1,4,chua3,FV1,ch,ua,3,chuǎ
chua3_FV2_MP3.wav,1,4,chua3,FV2,ch,ua,3,chuǎ
chua3_FV3_MP3.wav,1,4,chua3,FV3,ch,ua,3,chuǎ
chua3_MV1_MP3.wav,1,4,chua3,MV1,ch,ua,3,chuǎ
chua3_MV2_MP3.wav,1,4,chua3,MV2,ch,ua,3,chuǎ
chua3_MV3_MP3.wav,1,4,chua3,MV3,ch,ua,3,chuǎ
chua4_FV1_MP3.wav,1,4,chua4,FV1,ch,ua,4,chuà
chua4_FV2_MP3.wav,1,4,chua4,FV2,ch,ua,4,chuà
chua4_FV3_MP3.wav,1,4,chua4,FV3,ch,ua,4,chuà
chua4_MV1_MP3.wav,1,4,chua4,MV1,ch,ua,4,chuà
chua4_MV2_MP3.wav,1,4,chua4,MV2,ch,ua,4,chuà
chua4_MV3_MP3.wav,1,4,chua4,MV3,ch,ua,4,chuà
chuai1_FV1_MP3.wav,1,4,chuai1,FV1,ch,uai,1,chuāi
chuai1_FV2_MP3.wav,1,4,chuai1,FV2,ch,uai,1,chuāi
chuai1_FV3_MP3.wav,1,4,chuai1,FV3,ch,uai,1,chuāi
chuai1_MV1_MP3.wav,1,4,chuai1,MV1,ch,uai,1,chuāi
chuai1_MV2_MP3.wav,1,4,chuai1,MV2,ch,uai,1,chuāi
chuai1_MV3_MP3.wav,1,4,chuai1,MV3,ch,uai,1,chuāi
chuai2_FV1_MP3.wav,1,4,chuai2,FV1,ch,uai,2,chuái
chuai2_FV2_MP3.wav,1,4,chuai2,FV2,ch,uai,2,chuái
chuai2_FV3_MP3.wav,1,4,chuai2,FV3,ch,uai,2,chuái
chuai2_MV1_MP3.wav,1,4,chuai2,MV1,ch,uai,2,chuái
chuai2_MV2_MP3.wav,1,4,chuai2,MV2,ch,uai,2,chuái
chuai2_MV3_MP3.wav,1,4,chuai2,MV3,ch,uai,2,chuái
chuai3_FV1_MP3.wav,1,4,chuai3,FV1,ch,uai,3,chuǎi
chuai3_FV2_MP3.wav,1,4,chuai3,FV2,ch,uai,3,chuǎi
chuai3_FV3_MP3.wav,1,4,chuai3,FV3,ch,uai,3,chuǎi
chuai3_MV1_MP3.wav,1,4,chuai3,MV1,ch,uai,3,chuǎi
chuai3_MV2_MP3.wav,1,4,chuai3,MV2,ch,uai,3,chuǎi
chuai3_MV3_MP3.wav,1,4,chuai3,MV3,ch,uai,3,chuǎi
chuai4_FV1_MP3.wav,1,4,chuai4,FV1,ch,uai,4,chuài
chuai4_FV2_MP3.wav,1,4,chuai4,FV2,ch,uai,4,chuài
chuai4_FV3_MP3.wav,1,4,chuai4,FV3,ch,uai,4,chuài
chuai4_MV1_MP3.wav,1,4,chuai4,MV1,ch,uai,4,chuài
chuai4_MV2_MP3.wav,1,4,chuai4,MV2,ch,uai,4,chuài
chuai4_MV3_MP3.wav,1,4,chuai4,MV3,ch,uai,4,chuài
chuan1_FV1_MP3.wav,1,4,chuan1,FV1,ch,uan,1,chuān
chuan1_FV2_MP3.wav,1,4,chuan1,FV2,ch,uan,1,chuān
chuan1_FV3_MP3.wav,1,4,chuan1,FV3,ch,uan,1,chuān
chuan1_MV1_MP3.wav,1,4,chuan1,MV1,ch,uan,1,chuān
chuan1_MV2_MP3.wav,1,4,chuan1,MV2,ch,uan,1,chuān
chuan1_MV3_MP3.wav,1,4,chuan1,MV3,ch,uan,1,chuān
chuan2_FV1_MP3.wav,1,4,chuan2,FV1,ch,uan,2,chuán
chuan2_FV2_MP3.wav,1,4,chuan2,FV2,ch,uan,2,chuán
chuan2_FV3_MP3.wav,1,4,chuan2,FV3,ch,uan,2,chuán
chuan2_MV1_MP3.wav,1,4,chuan2,MV1,ch,uan,2,chuán
chuan2_MV2_MP3.wav,1,4,chuan2,MV2,ch,uan,2,chuán
chuan2_MV3_MP3.wav,1,4,chuan2,MV3,ch,uan,2,chuán
chuan3_FV1_MP3.wav,1,4,chuan3,FV1,ch,uan,3,chuǎn
chuan3_FV2_MP3.wav,1,4,chuan3,FV2,ch,uan,3,chuǎn
chuan3_FV3_MP3.wav,1,4,chuan3,FV3,ch,uan,3,chuǎn
chuan3_MV1_MP3.wav,1,4,chuan3,MV1,ch,uan,3,chuǎn
chuan3_MV2_MP3.wav,1,4,chuan3,MV2,ch,uan,3,chuǎn
chuan3_MV3_MP3.wav,1,4,chuan3,MV3,ch,uan,3,chuǎn
chuan4_FV1_MP3.wav,1,4,chuan4,FV1,ch,uan,4,chuàn
chuan4_FV2_MP3.wav,1,4,chuan4,FV2,ch,uan,4,chuàn
chuan4_FV3_MP3.wav,1,4,chuan4,FV3,ch,uan,4,chuàn
chuan4_MV1_MP3.wav,1,4,chuan4,MV1,ch,uan,4,chuàn
chuan4_MV2_MP3.wav,1,4,chuan4,MV2,ch,uan,4,chuàn
chuan4_MV3_MP3.wav,1,4,chuan4,MV3,ch,uan,4,chuàn
chuang1_FV1_MP3.wav,1,4,chuang1,FV1,ch,uang,1,chuāng
chuang1_FV2_MP3.wav,1,4,chuang1,FV2,ch,uang,1,chuāng
chuang1_FV3_MP3.wav,1,4,chuang1,FV3,ch,uang,1,chuāng
chuang1_MV1_MP3.wav,1,4,chuang1,MV1,ch,uang,1,chuāng
chuang1_MV2_MP3.wav,1,4,chuang1,MV2,ch,uang,1,chuāng
chuang1_MV3_MP3.wav,1,4,chuang1,MV3,ch,uang,1,chuāng
chuang2_FV1_MP3.wav,1,4,chuang2,FV1,ch,uang,2,chuáng
chuang2_FV2_MP3.wav,1,4,chuang2,FV2,ch,uang,2,chuáng
chuang2_FV3_MP3.wav,1,4,chuang2,FV3,ch,uang,2,chuáng
chuang2_MV1_MP3.wav,1,4,chuang2,MV1,ch,uang,2,chuáng
chuang2_MV2_MP3.wav,1,4,chuang2,MV2,ch,uang,2,chuáng
chuang2_MV3_MP3.wav,1,4,chuang2,MV3,ch,uang,2,chuáng
chuang3_FV1_MP3.wav,1,4,chuang3,FV1,ch,uang,3,chuǎng
chuang3_FV2_MP3.wav,1,4,chuang3,FV2,ch,uang,3,chuǎng
chuang3_FV3_MP3.wav,1,4,chuang3,FV3,ch,uang,3,chuǎng
chuang3_MV1_MP3.wav,1,4,chuang3,MV1,ch,uang,3,chuǎng
chuang3_MV2_MP3.wav,1,4,chuang3,MV2,ch,uang,3,chuǎng
chuang3_MV3_MP3.wav,1,4,chuang3,MV3,ch,uang,3,chuǎng
chuang4_FV1_MP3.wav,1,4,chuang4,FV1,ch,uang,4,chuàng
chuang4_FV2_MP3.wav,1,4,chuang4,FV2,ch,uang,4,chuàng
chuang4_FV3_MP3.wav,1,4,chuang4,FV3,ch,uang,4,chuàng
chuang4_MV1_MP3.wav,1,4,chuang4,MV1,ch,uang,4,chuàng
chuang4_MV2_MP3.wav,1,4,chuang4,MV2,ch,uang,4,chuàng
chuang4_MV3_MP3.wav,1,4,chuang4,MV3,ch,uang,4,chuàng
chui1_FV1_MP3.wav,1,4,chui1,FV1,ch,ui,1,chuī
chui1_FV2_MP3.wav,1,4,chui1,FV2,ch,ui,1,chuī
chui1_FV3_MP3.wav,1,4,chui1,FV3,ch,ui,1,chuī
chui1_MV1_MP3.wav,1,4,chui1,MV1,ch,ui,1,chuī
chui1_MV2_MP3.wav,1,4,chui1,MV2,ch,ui,1,chuī
chui1_MV3_MP3.wav,1,4,chui1,MV3,ch,ui,1,chuī
chui2_FV1_MP3.wav,1,4,chui2,FV1,ch,ui,2,chuí
chui2_FV2_MP3.wav,1,4,chui2,FV2,ch,ui,2,chuí
chui2_FV3_MP3.wav,1,4,chui2,FV3,ch,ui,2,chuí
chui2_MV1_MP3.wav,1,4,chui2,MV1,ch,ui,2,chuí
chui2_MV2_MP3.wav,1,4,chui2,MV2,ch,ui,2,chuí
chui2_MV3_MP3.wav,1,4,chui2,MV3,ch,ui,2,chuí
chui3_FV1_MP3.wav,1,4,chui3,FV1,ch,ui,3,chuǐ
chui3_FV2_MP3.wav,1,4,chui3,FV2,ch,ui,3,chuǐ
chui3_FV3_MP3.wav,1,4,chui3,FV3,ch,ui,3,chuǐ
chui3_MV1_MP3.wav,1,4,chui3,MV1,ch,ui,3,chuǐ
chui3_MV2_MP3.wav,1,4,chui3,MV2,ch,ui,3,chuǐ
chui3_MV3_MP3.wav,1,4,chui3,MV3,ch,ui,3,chuǐ
di4_FV1_MP3.wav,1,4,di4,FV1,d,i,4,dì
di4_FV2_MP3.wav,1,4,di4,FV2,d,i,4,dì
di4_FV3_MP3.wav,1,4,di4,FV3,d,i,4,dì
di4_MV1_MP3.wav,1,4,di4,MV1,d,i,4,dì
di4_MV2_MP3.wav,1,4,di4,MV2,d,i,4,dì
di4_MV3_MP3.wav,1,4,di4,MV3,d,i,4,dì
dia1_FV1_MP3.wav,1,4,dia1,FV1,d,ia,1,diā
dia1_FV2_MP3.wav,1,4,dia1,FV2,d,ia,1,diā
dia1_FV3_MP3.wav,1,4,dia1,FV3,d,ia,1,diā
dia1_MV1_MP3.wav,1,4,dia1,MV1,d,ia,1,diā
dia1_MV2_MP3.wav,1,4,dia1,MV2,d,ia,1,diā
dia1_MV3_MP3.wav,1,4,dia1,MV3,d,ia,1,diā
dia2_FV1_MP3.wav,1,4,dia2,FV1,d,ia,2,diá
dia2_FV2_MP3.wav,1,4,dia2,FV2,d,ia,2,diá
dia2_FV3_MP3.wav,1,4,dia2,FV3,d,ia,2,diá
dia2_MV1_MP3.wav,1,4,dia2,MV1,d,ia,2,diá
dia2_MV2_MP3.wav,1,4,dia2,MV2,d,ia,2,diá
dia2_MV3_MP3.wav,1,4,dia2,MV3,d,ia,2,diá
dia3_FV1_MP3.wav,1,4,dia3,FV1,d,ia,3,diǎ
dia3_FV2_MP3.wav,1,4,dia3,FV2,d,ia,3,diǎ
dia3_FV3_MP3.wav,1,4,dia3,FV3,d,ia,3,diǎ
dia3_MV1_MP3.wav,1,4,dia3,MV1,d,ia,3,diǎ
dia3_MV2_MP3.wav,1,4,dia3,MV2,d,ia,3,diǎ
dia3_MV3_MP3.wav,1,4,dia3,MV3,d,ia,3,diǎ
dia4_FV1_MP3.wav,1,4,dia4,FV1,d,ia,4,dià
dia4_FV2_MP3.wav,1,4,dia4,FV2,d,ia,4,dià
dia4_FV3_MP3.wav,1,4,dia4,FV3,d,ia,4,dià
dia4_MV1_MP3.wav,1,4,dia4,MV1,d,ia,4,dià
dia4_MV2_MP3.wav,1,4,dia4,MV2,d,ia,4,dià
dia4_MV3_MP3.wav,1,4,dia4,MV3,d,ia,4,dià
dian1_FV1_MP3.wav,1,4,dian1,FV1,d,ian,1,diān
dian1_FV2_MP3.wav,1,4,dian1,FV2,d,ian,1,diān
dian1_FV3_MP3.wav,1,4,dian1,FV3,d,ian,1,diān
dian1_MV1_MP3.wav,1,4,dian1,MV1,d,ian,1,diān
dian1_MV2_MP3.wav,1,4,dian1,MV2,d,ian,1,diān
dian1_MV3_MP3.wav,1,4,dian1,MV3,d,ian,1,diān
dian2_FV1_MP3.wav,1,4,dian2,FV1,d,ian,2,dián
dian2_FV2_MP3.wav,1,4,dian2,FV2,d,ian,2,dián
dian2_FV3_MP3.wav,1,4,dian2,FV3,d,ian,2,dián
dian2_MV1_MP3.wav,1,4,dian2,MV1,d,ian,2,dián
dian2_MV2_MP3.wav,1,4,dian2,MV2,d,ian,2,dián
dian2_MV3_MP3.wav,1,4,dian2,MV3,d,ian,2,dián
dian3_FV1_MP3.wav,1,4,dian3,FV1,d,ian,3,diǎn
dian3_FV2_MP3.wav,1,4,dian3,FV2,d,ian,3,diǎn
dian3_FV3_MP3.wav,1,4,dian3,FV3,d,ian,3,diǎn
dian3_MV1_MP3.wav,1,4,dian3,MV1,d,ian,3,diǎn
dian3_MV2_MP3.wav,1,4,dian3,MV2,d,ian,3,diǎn
dian3_MV3_MP3.wav,1,4,dian3,MV3,d,ian,3,diǎn
dian4_FV1_MP3.wav,1,4,dian4,FV1,d,ian,4,diàn
dian4_FV2_MP3.wav,1,4,dian4,FV2,d,ian,4,diàn
dian4_FV3_MP3.wav,1,4,dian4,FV3,d,ian,4,diàn
dian4_MV1_MP3.wav,1,4,dian4,MV1,d,ian,4,diàn
dian4_MV2_MP3.wav,1,4,dian4,MV2,d,ian,4,diàn
dian4_MV3_MP3.wav,1,4,dian4,MV3,d,ian,4,diàn
diao1_FV1_MP3.wav,1,4,diao1,FV1,d,iao,1,diāo
diao1_FV2_MP3.wav,1,4,diao1,FV2,d,iao,1,diāo
diao1_FV3_MP3.wav,1,4,diao1,FV3,d,iao,1,diāo
diao1_MV1_MP3.wav,1,4,diao1,MV1,d,iao,1,diāo
diao1_MV2_MP3.wav,1,4,diao1,MV2,d,iao,1,diāo
diao1_MV3_MP3.wav,1,4,diao1,MV3,d,iao,1,diāo
diao2_FV1_MP3.wav,1,4,diao2,FV1,d,iao,2,diáo
diao2_FV2_MP3.wav,1,4,diao2,FV2,d,iao,2,diáo
diao2_FV3_MP3.wav,1,4,diao2,FV3,d,iao,2,diáo
diao2_MV1_MP3.wav,1,4,diao2,MV1,d,iao,2,diáo
diao2_MV2_MP3.wav,1,4,diao2,MV2,d,iao,2,diáo
diao2_MV3_MP3.wav,1,4,diao2,MV3,d,iao,2,diáo
diao3_FV1_MP3.wav,1,4,diao3,FV1,d,iao,3,diǎo
diao3_FV2_MP3.wav,1,4,diao3,FV2,d,iao,3,diǎo
diao3_FV3_MP3.wav,1,4,diao3,FV3,d,iao,3,diǎo
diao3_MV1_MP3.wav,1,4,diao3,MV1,d,iao,3,diǎo
diao3_MV2_MP3.wav,1,4,diao3,MV2,d,iao,3,diǎo
diao3_MV3_MP3.wav,1,4,diao3,MV3,d,iao,3,diǎo
diao4_FV1_MP3.wav,1,4,diao4,FV1,d,iao,4,diào
diao4_FV2_MP3.wav,1,4,diao4,FV2,d,iao,4,diào
diao4_FV3_MP3.wav,1,4,diao4,FV3,d,iao,4,diào
diao4_MV1_MP3.wav,1,4,diao4,MV1,d,iao,4,diào
diao4_MV2_MP3.wav,1,4,diao4,MV2,d,iao,4,diào
diao4_MV3_MP3.wav,1,4,diao4,MV3,d,iao,4,diào
die1_FV1_MP3.wav,1,4,die1,FV1,d,ie,1,diē
die1_FV2_MP3.wav,1,4,die1,FV2,d,ie,1,diē
die1_FV3_MP3.wav,1,4,die1,FV3,d,ie,1,diē
die1_MV1_MP3.wav,1,4,die1,MV1,d,ie,1,diē
die1_MV2_MP3.wav,1,4,die1,MV2,d,ie,1,diē
die1_MV3_MP3.wav,1,4,die1,MV3,d,ie,1,diē
die2_FV1_MP3.wav,1,4,die2,FV1,d,ie,2,dié
die2_FV2_MP3.wav,1,4,die2,FV2,d,ie,2,dié
die2_FV3_MP3.wav,1,4,die2,FV3,d,ie,2,dié
die2_MV1_MP3.wav,1,4,die2,MV1,d,ie,2,dié
die2_MV2_MP3.wav,1,4,die2,MV2,d,ie,2,dié
die2_MV3_MP3.wav,1,4,die2,MV3,d,ie,2,dié
die3_FV1_MP3.wav,1,4,die3,FV1,d,ie,3,diě
die3_FV2_MP3.wav,1,4,die3,FV2,d,ie,3,diě
die3_FV3_MP3.wav,1,4,die3,FV3,d,ie,3,diě
die3_MV1_MP3.wav,1,4,die3,MV1,d,ie,3,diě
die3_MV2_MP3.wav,1,4,die3,MV2,d,ie,3,diě
die3_MV3_MP3.wav,1,4,die3,MV3,d,ie,3,diě
die4_FV1_MP3.wav,1,4,die4,FV1,d,ie,4,diè
die4_FV2_MP3.wav,1,4,die4,FV2,d,ie,4,diè
die4_FV3_MP3.wav,1,4,die4,FV3,d,ie,4,diè
die4_MV1_MP3.wav,1,4,die4,MV1,d,ie,4,diè
die4_MV2_MP3.wav,1,4,die4,MV2,d,ie,4,diè
die4_MV3_MP3.wav,1,4,die4,MV3,d,ie,4,diè
ding1_FV1_MP3.wav,1,4,ding1,FV1,d,ing,1,dīng
ding1_FV2_MP3.wav,1,4,ding1,FV2,d,ing,1,dīng
ding1_FV3_MP3.wav,1,4,ding1,FV3,d,ing,1,dīng
ding1_MV1_MP3.wav,1,4,ding1,MV1,d,ing,1,dīng
ding1_MV2_MP3.wav,1,4,ding1,MV2,d,ing,1,dīng
ding1_MV3_MP3.wav,1,4,ding1,MV3,d,ing,1,dīng
ding2_FV1_MP3.wav,1,4,ding2,FV1,d,ing,2,díng
ding2_FV2_MP3.wav,1,4,ding2,FV2,d,ing,2,díng
ding2_FV3_MP3.wav,1,4,ding2,FV3,d,ing,2,díng
ding2_MV1_MP3.wav,1,4,ding2,MV1,d,ing,2,díng
ding2_MV2_MP3.wav,1,4,ding2,MV2,d,ing,2,díng
ding2_MV3_MP3.wav,1,4,ding2,MV3,d,ing,2,díng
ding3_FV1_MP3.wav,1,4,ding3,FV1,d,ing,3,dǐng
ding3_FV2_MP3.wav,1,4,ding3,FV2,d,ing,3,dǐng
ding3_FV3_MP3.wav,1,4,ding3,FV3,d,ing,3,dǐng
ding3_MV1_MP3.wav,1,4,ding3,MV1,d,ing,3,dǐng
ding3_MV2_MP3.wav,1,4,ding3,MV2,d,ing,3,dǐng
ding3_MV3_MP3.wav,1,4,ding3,MV3,d,ing,3,dǐng
ding4_FV1_MP3.wav,1,4,ding4,FV1,d,ing,4,dìng
ding4_FV2_MP3.wav,1,4,ding4,FV2,d,ing,4,dìng
ding4_FV3_MP3.wav,1,4,ding4,FV3,d,ing,4,dìng
ding4_MV1_MP3.wav,1,4,ding4,MV1,d,ing,4,dìng
ding4_MV2_MP3.wav,1,4,ding4,MV2,d,ing,4,dìng
ding4_MV3_MP3.wav,1,4,ding4,MV3,d,ing,4,dìng
diu1_FV1_MP3.wav,1,4,diu1,FV1,d,iu,1,diū
diu1_FV2_MP3.wav,1,4,diu1,FV2,d,iu,1,diū
diu1_FV3_MP3.wav,1,4,diu1,FV3,d,iu,1,diū
diu1_MV1_MP3.wav,1,4,diu1,MV1,d,iu,1,diū
diu1_MV2_MP3.wav,1,4,diu1,MV2,d,iu,1,diū
diu1_MV3_MP3.wav,1,4,diu1,MV3,d,iu,1,diū
diu2_FV1_MP3.wav,1,4,diu2,FV1,d,iu,2,diú
diu2_FV2_MP3.wav,1,4,diu2,FV2,d,iu,2,diú
diu2_FV3_MP3.wav,1,4,diu2,FV3,d,iu,2,diú
diu2_MV1_MP3.wav,1,4,diu2,MV1,d,iu,2,diú
diu2_MV2_MP3.wav,1,4,diu2,MV2,d,iu,2,diú
diu2_MV3_MP3.wav,1,4,diu2,MV3,d,iu,2,diú
diu3_FV1_MP3.wav,1,4,diu3,FV1,d,iu,3,diǔ
diu3_FV2_MP3.wav,1,4,diu3,FV2,d,iu,3,diǔ
diu3_FV3_MP3.wav,1,4,diu3,FV3,d,iu,3,diǔ
diu3_MV1_MP3.wav,1,4,diu3,MV1,d,iu,3,diǔ
diu3_MV2_MP3.wav,1,4,diu3,MV2,d,iu,3,diǔ
diu3_MV3_MP3.wav,1,4,diu3,MV3,d,iu,3,diǔ
diu4_FV1_MP3.wav,1,4,diu4,FV1,d,iu,4,diù
diu4_FV2_MP3.wav,1,4,diu4,FV2,d,iu,4,diù
diu4_FV3_MP3.wav,1,4,diu4,FV3,d,iu,4,diù
diu4_MV1_MP3.wav,1,4,diu4,MV1,d,iu,4,diù
diu4_MV2_MP3.wav,1,4,diu4,MV2,d,iu,4,diù
diu4_MV3_MP3.wav,1,4,diu4,MV3,d,iu,4,diù
dong1_FV1_MP3.wav,1,4,dong1,FV1,d,ong,1,dōng
dong1_FV2_MP3.wav,1,4,dong1,FV2,d,ong,1,dōng
dong1_FV3_MP3.wav,1,4,dong1,FV3,d,ong,1,dōng
dong1_MV1_MP3.wav,1,4,dong1,MV1,d,ong,1,dōng
dong1_MV2_MP3.wav,1,4,dong1,MV2,d,ong,1,dōng
dong1_MV3_MP3.wav,1,4,dong1,MV3,d,ong,1,dōng
dong2_FV1_MP3.wav,1,4,dong2,FV1,d,ong,2,dóng
dong2_FV2_MP3.wav,1,4,dong2,FV2,d,ong,2,dóng
dong2_FV3_MP3.wav,1,4,dong2,FV3,d,ong,2,dóng
dong2_MV1_MP3.wav,1,4,dong2,MV1,d,ong,2,dóng
dong2_MV2_MP3.wav,1,4,dong2,MV2,d,ong,2,dóng
dong2_MV3_MP3.wav,1,4,dong2,MV3,d,ong,2,dóng
dong3_FV1_MP3.wav,1,4,dong3,FV1,d,ong,3,dǒng
dong3_FV2_MP3.wav,1,4,dong3,FV2,d,ong,3,dǒng
dong3_FV3_MP3.wav,1,4,dong3,FV3,d,ong,3,dǒng
dong3_MV1_MP3.wav,1,4,dong3,MV1,d,ong,3,dǒng
dong3_MV2_MP3.wav,1,4,dong3,MV2,d,ong,3,dǒng
dong3_MV3_MP3.wav,1,4,dong3,MV3,d,ong,3,dǒng
dong4_FV1_MP3.wav,1,4,dong4,FV1,d,ong,4,dòng
dong4_FV2_MP3.wav,1,4,dong4,FV2,d,ong,4,dòng
dong4_FV3_MP3.wav,1,4,dong4,FV3,d,ong,4,dòng
dong4_MV1_MP3.wav,1,4,dong4,MV1,d,ong,4,dòng
dong4_MV2_MP3.wav,1,4,dong4,MV2,d,ong,4,dòng
dong4_MV3_MP3.wav,1,4,dong4,MV3,d,ong,4,dòng
dou1_FV1_MP3.wav,1,4,dou1,FV1,d,ou,1,dōu
dou1_FV2_MP3.wav,1,4,dou1,FV2,d,ou,1,dōu
dou1_FV3_MP3.wav,1,4,dou1,FV3,d,ou,1,dōu
dou1_MV1_MP3.wav,1,4,dou1,MV1,d,ou,1,dōu
dou1_MV2_MP3.wav,1,4,dou1,MV2,d,ou,1,dōu
dou1_MV3_MP3.wav,1,4,dou1,MV3,d,ou,1,dōu
dou2_FV1_MP3.wav,1,4,dou2,FV1,d,ou,2,dóu
dou2_FV2_MP3.wav,1,4,dou2,FV2,d,ou,2,dóu
dou2_FV3_MP3.wav,1,4,dou2,FV3,d,ou,2,dóu
dou2_MV1_MP3.wav,1,4,dou2,MV1,d,ou,2,dóu
dou2_MV2_MP3.wav,1,4,dou2,MV2,d,ou,2,dóu
dou2_MV3_MP3.wav,1,4,dou2,MV3,d,ou,2,dóu
dou3_FV1_MP3.wav,1,4,dou3,FV1,d,ou,3,dǒu
dou3_FV2_MP3.wav,1,4,dou3,FV2,d,ou,3,dǒu
dou3_FV3_MP3.wav,1,4,dou3,FV3,d,ou,3,dǒu
dou3_MV1_MP3.wav,1,4,dou3,MV1,d,ou,3,dǒu
dou3_MV2_MP3.wav,1,4,dou3,MV2,d,ou,3,dǒu
dou3_MV3_MP3.wav,1,4,dou3,MV3,d,ou,3,dǒu
dou4_FV1_MP3.wav,1,4,dou4,FV1,d,ou,4,dòu
dou4_FV2_MP3.wav,1,4,dou4,FV2,d,ou,4,dòu
dou4_FV3_MP3.wav,1,4,dou4,FV3,d,ou,4,dòu
dou4_MV1_MP3.wav,1,4,dou4,MV1,d,ou,4,dòu
dou4_MV2_MP3.wav,1,4,dou4,MV2,d,ou,4,dòu
dou4_MV3_MP3.wav,1,4,dou4,MV3,d,ou,4,dòu
du1_FV1_MP3.wav,1,4,du1,FV1,d,u,1,dū
du1_FV2_MP3.wav,1,4,du1,FV2,d,u,1,dū
du1_FV3_MP3.wav,1,4,du1,FV3,d,u,1,dū
du1_MV1_MP3.wav,1,4,du1,MV1,d,u,1,dū
du1_MV2_MP3.wav,1,4,du1,MV2,d,u,1,dū
du1_MV3_MP3.wav,1,4,du1,MV3,d,u,1,dū
du2_FV1_MP3.wav,1,4,du2,FV1,d,u,2,dú
du2_FV2_MP3.wav,1,4,du2,FV2,d,u,2,dú
du2_FV3_MP3.wav,1,4,du2,FV3,d,u,2,dú
du2_MV1_MP3.wav,1,4,du2,MV1,d,u,2,dú
du2_MV2_MP3.wav,1,4,du2,MV2,d,u,2,dú
du2_MV3_MP3.wav,1,4,du2,MV3,d,u,2,dú
du3_FV1_MP3.wav,1,4,du3,FV1,d,u,3,dǔ
du3_FV2_MP3.wav,1,4,du3,FV2,d,u,3,dǔ
du3_FV3_MP3.wav,1,4,du3,FV3,d,u,3,dǔ
du3_MV1_MP3.wav,1,4,du3,MV1,d,u,3,dǔ
du3_MV2_MP3.wav,1,4,du3,MV2,d,u,3,dǔ
du3_MV3_MP3.wav,1,4,du3,MV3,d,u,3,dǔ
du4_FV1_MP3.wav,1,4,du4,FV1,d,u,4,dù
du4_FV2_MP3.wav,1,4,du4,FV2,d,u,4,dù
du4_FV3_MP3.wav,1,4,du4,FV3,d,u,4,dù
du4_MV1_MP3.wav,1,4,du4,MV1,d,u,4,dù
du4_MV2_MP3.wav,1,4,du4,MV2,d,u,4,dù
du4_MV3_MP3.wav,1,4,du4,MV3,d,u,4,dù
duan1_FV1_MP3.wav,1,4,duan1,FV1,d,uan,1,duān
duan1_FV2_MP3.wav,1,4,duan1,FV2,d,uan,1,duān
duan1_FV3_MP3.wav,1,4,duan1,FV3,d,uan,1,duān
duan1_MV1_MP3.wav,1,4,duan1,MV1,d,uan,1,duān
duan1_MV2_MP3.wav,1,4,duan1,MV2,d,uan,1,duān
duan1_MV3_MP3.wav,1,4,duan1,MV3,d,uan,1,duān
duan2_FV1_MP3.wav,1,4,duan2,FV1,d,uan,2,duán
duan2_FV2_MP3.wav,1,4,duan2,FV2,d,uan,2,duán
duan2_FV3_MP3.wav,1,4,duan2,FV3,d,uan,2,duán
duan2_MV1_MP3.wav,1,4,duan2,MV1,d,uan,2,duán
duan2_MV2_MP3.wav,1,4,duan2,MV2,d,uan,2,duán
duan2_MV3_MP3.wav,1,4,duan2,MV3,d,uan,2,duán
duan3_FV1_MP3.wav,1,4,duan3,FV1,d,uan,3,duǎn
duan3_FV2_MP3.wav,1,4,duan3,FV2,d,uan,3,duǎn
duan3_FV3_MP3.wav,1,4,duan3,FV3,d,uan,3,duǎn
duan3_MV1_MP3.wav,1,4,duan3,MV1,d,uan,3,duǎn
duan3_MV2_MP3.wav,1,4,duan3,MV2,d,uan,3,duǎn
duan3_MV3_MP3.wav,1,4,duan3,MV3,d,uan,3,duǎn
duan4_FV1_MP3.wav,1,4,duan4,FV1,d,uan,4,duàn
duan4_FV2_MP3.wav,1,4,duan4,FV2,d,uan,4,duàn
duan4_FV3_MP3.wav,1,4,duan4,FV3,d,uan,4,duàn
duan4_MV1_MP3.wav,1,4,duan4,MV1,d,uan,4,duàn
duan4_MV2_MP3.wav,1,4,duan4,MV2,d,uan,4,duàn
duan4_MV3_MP3.wav,1,4,duan4,MV3,d,uan,4,duàn
dui1_FV1_MP3.wav,1,4,dui1,FV1,d,ui,1,duī
dui1_FV2_MP3.wav,1,4,dui1,FV2,d,ui,1,duī
dui1_FV3_MP3.wav,1,4,dui1,FV3,d,ui,1,duī
dui1_MV1_MP3.wav,1,4,dui1,MV1,d,ui,1,duī
dui1_MV2_MP3.wav,1,4,dui1,MV2,d,ui,1,duī
dui1_MV3_MP3.wav,1,4,dui1,MV3,d,ui,1,duī
dui2_FV1_MP3.wav,1,4,dui2,FV1,d,ui,2,duí
dui2_FV2_MP3.wav,1,4,dui2,FV2,d,ui,2,duí
dui2_FV3_MP3.wav,1,4,dui2,FV3,d,ui,2,duí
dui2_MV1_MP3.wav,1,4,dui2,MV1,d,ui,2,duí
dui2_MV2_MP3.wav,1,4,dui2,MV2,d,ui,2,duí
dui2_MV3_MP3.wav,1,4,dui2,MV3,d,ui,2,duí
dui3_FV1_MP3.wav,1,4,dui3,FV1,d,ui,3,duǐ
dui3_FV2_MP3.wav,1,4,dui3,FV2,d,ui,3,duǐ
dui3_FV3_MP3.wav,1,4,dui3,FV3,d,ui,3,duǐ
dui3_MV1_MP3.wav,1,4,dui3,MV1,d,ui,3,duǐ
dui3_MV2_MP3.wav,1,4,dui3,MV2,d,ui,3,duǐ
dui3_MV3_MP3.wav,1,4,dui3,MV3,d,ui,3,duǐ
dui4_FV1_MP3.wav,1,4,dui4,FV1,d,ui,4,duì
dui4_FV2_MP3.wav,1,4,dui4,FV2,d,ui,4,duì
dui4_FV3_MP3.wav,1,4,dui4,FV3,d,ui,4,duì
dui4_MV1_MP3.wav,1,4,dui4,MV1,d,ui,4,duì
dui4_MV2_MP3.wav,1,4,dui4,MV2,d,ui,4,duì
dui4_MV3_MP3.wav,1,4,dui4,MV3,d,ui,4,duì
dun1_FV1_MP3.wav,1,4,dun1,FV1,d,un,1,dūn
dun1_FV2_MP3.wav,1,4,dun1,FV2,d,un,1,dūn
dun1_FV3_MP3.wav,1,4,dun1,FV3,d,un,1,dūn
dun1_MV1_MP3.wav,1,4,dun1,MV1,d,un,1,dūn
dun1_MV2_MP3.wav,1,4,dun1,MV2,d,un,1,dūn
dun1_MV3_MP3.wav,1,4,dun1,MV3,d,un,1,dūn
dun2_FV1_MP3.wav,1,4,dun2,FV1,d,un,2,dún
dun2_FV2_MP3.wav,1,4,dun2,FV2,d,un,2,dún
dun2_FV3_MP3.wav,1,4,dun2,FV3,d,un,2,dún
dun2_MV1_MP3.wav,1,4,dun2,MV1,d,un,2,dún
dun2_MV2_MP3.wav,1,4,dun2,MV2,d,un,2,dún
dun2_MV3_MP3.wav,1,4,dun2,MV3,d,un,2,dún
dun3_FV1_MP3.wav,1,4,dun3,FV1,d,un,3,dǔn
dun3_FV2_MP3.wav,1,4,dun3,FV2,d,un,3,dǔn
dun3_FV3_MP3.wav,1,4,dun3,FV3,d,un,3,dǔn
dun3_MV1_MP3.wav,1,4,dun3,MV1,d,un,3,dǔn
dun3_MV2_MP3.wav,1,4,dun3,MV2,d,un,3,dǔn
dun3_MV3_MP3.wav,1,4,dun3,MV3,d,un,3,dǔn
dun4_FV1_MP3.wav,1,4,dun4,FV1,d,un,4,dùn
dun4_FV2_MP3.wav,1,4,dun4,FV2,d,un,4,dùn
dun4_FV3_MP3.wav,1,4,dun4,FV3,d,un,4,dùn
dun4_MV1_MP3.wav,1,4,dun4,MV1,d,un,4,dùn
dun4_MV2_MP3.wav,1,4,dun4,MV2,d,un,4,dùn
dun4_MV3_MP3.wav,1,4,dun4,MV3,d,un,4,dùn
duo1_FV1_MP3.wav,1,4,duo1,FV1,d,uo,1,duō
duo1_FV2_MP3.wav,1,4,duo1,FV2,d,uo,1,duō
duo1_FV3_MP3.wav,1,4,duo1,FV3,d,uo,1,duō
duo1_MV1_MP3.wav,1,4,duo1,MV1,d,uo,1,duō
duo1_MV2_MP3.wav,1,4,duo1,MV2,d,uo,1,duō
duo1_MV3_MP3.wav,1,4,duo1,MV3,d,uo,1,duō
duo2_FV1_MP3.wav,1,4,duo2,FV1,d,uo,2,duó
duo2_FV2_MP3.wav,1,4,duo2,FV2,d,uo,2,duó
duo2_FV3_MP3.wav,1,4,duo2,FV3,d,uo,2,duó
duo2_MV1_MP3.wav,1,4,duo2,MV1,d,uo,2,duó
duo2_MV2_MP3.wav,1,4,duo2,MV2,d,uo,2,duó
duo2_MV3_MP3.wav,1,4,duo2,MV3,d,uo,2,duó
duo3_FV1_MP3.wav,1,4,duo3,FV1,d,uo,3,duǒ
duo3_FV2_MP3.wav,1,4,duo3,FV2,d,uo,3,duǒ
duo3_FV3_MP3.wav,1,4,duo3,FV3,d,uo,3,duǒ
duo3_MV1_MP3.wav,1,4,duo3,MV1,d,uo,3,duǒ
duo3_MV2_MP3.wav,1,4,duo3,MV2,d,uo,3,duǒ
duo3_MV3_MP3.wav,1,4,duo3,MV3,d,uo,3,duǒ
duo4_FV1_MP3.wav,1,4,duo4,FV1,d,uo,4,duò
duo4_FV2_MP3.wav,1,4,duo4,FV2,d,uo,4,duò
duo4_FV3_MP3.wav,1,4,duo4,FV3,d,uo,4,duò
duo4_MV1_MP3.wav,1,4,duo4,MV1,d,uo,4,duò
duo4_MV2_MP3.wav,1,4,duo4,MV2,d,uo,4,duò
duo4_MV3_MP3.wav,1,4,duo4,MV3,d,uo,4,duò
e1_FV1_MP3.wav,1,4,e1,FV1,Ø,e,1,ē
e1_FV2_MP3.wav,1,4,e1,FV2,Ø,e,1,ē
e1_FV3_MP3.wav,1,4,e1,FV3,Ø,e,1,ē
e1_MV1_MP3.wav,1,4,e1,MV1,Ø,e,1,ē
e1_MV2_MP3.wav,1,4,e1,MV2,Ø,e,1,ē
e1_MV3_MP3.wav,1,4,e1,MV3,Ø,e,1,ē
e2_FV1_MP3.wav,1,4,e2,FV1,Ø,e,2,é
e2_FV2_MP3.wav,1,4,e2,FV2,Ø,e,2,é
e2_FV3_MP3.wav,1,4,e2,FV3,Ø,e,2,é
e2_MV1_MP3.wav,1,4,e2,MV1,Ø,e,2,é
e2_MV2_MP3.wav,1,4,e2,MV2,Ø,e,2,é
e2_MV3_MP3.wav,1,4,e2,MV3,Ø,e,2,é
e3_FV1_MP3.wav,1,4,e3,FV1,Ø,e,3,ě
e3_FV2_MP3.wav,1,4,e3,FV2,Ø,e,3,ě
e3_FV3_MP3.wav,1,4,e3,FV3,Ø,e,3,ě
e3_MV1_MP3.wav,1,4,e3,MV1,Ø,e,3,ě
e3_MV2_MP3.wav,1,4,e3,MV2,Ø,e,3,ě
e3_MV3_MP3.wav,1,4,e3,MV3,Ø,e,3,ě
e4_FV1_MP3.wav,1,4,e4,FV1,Ø,e,4,è
e4_FV2_MP3.wav,1,4,e4,FV2,Ø,e,4,è
e4_FV3_MP3.wav,1,4,e4,FV3,Ø,e,4,è
e4_MV1_MP3.wav,1,4,e4,MV1,Ø,e,4,è
e4_MV2_MP3.wav,1,4,e4,MV2,Ø,e,4,è
e4_MV3_MP3.wav,1,4,e4,MV3,Ø,e,4,è
